Id,MaHoSo,SoBaoDanh,ThuTuNhanHoSo,MaSinhVien,MaBarcode,HoDem,Ten,GioiTinh,NgaySinh,DonViCuDiHoc,DanToc,TonGiao,HoKhauThuongTru,DiaChiLienLac,TenTinh,TenHuyen,TenPhuongXa,NoiSinhTinh,NoiSinhHuyen,NoiSinhPhuongXa,NguyenQuan,TenDoiTuong,TenDoiTuongChinhSach,KhuVuc,PhanHe,TruongTotNghiep,NgayVaoDoan,NgayVaoDang,SoCMND,NgayCap,NoiCapCMND,NoiCap,NgayNhapHoc,HoTenCha,NgheNghiepCha,HoTenMe,NgheNghiepMe,SoDienThoai,SoDienThoaiPhuHuynh,SoDienThoai2,SoDienThoai3,Email,EmailTruong,SoTaiKhoan,TenTaiKhoan,TenNganHang,ChiNhanhNganHang,MaBHXHBHYT,TrangThai,QuocTich,TruongLop12,SoQuyetDinh,NgayQuyetDinh,DotRaQuyetDinh,ChucVu,DonViCongTac,GhiChu,HinhTheSinhVienUrl,NgayImportAnhTheSv,NgayCapNhatAnhThe,AnhCMNDMatTruoc,AnhCMNDMatSau,AnhBangTotNghiep,AnhHocBa,AnhGiayKhaiSinh,AnhHoKhau,HoSoDaXacThuc,NgayXacThucHoSo,NgayTao,NgayCapNhat,IsDeleted
1c5db38b-410f-4d4e-b63a-309ef8f8db64,HS001,SBD001,1,SV001,BC001,Nguyen Thi,Thao,0,15/7/2004,THPT Nguyen Binh Khiem,Kinh,Khong,123 Le Loi P.1 Q.Binh Thanh TP.HCM,123 Le Loi P.1 Q.Binh Thanh TP.HCM,TP.HCM,Binh Thanh,Phuong 1,Ha Noi,Dong Da,Quang Trung,,,,KV2,,THPT Nguyen Binh Khiem,5/9/2019,,10/1/2021,,CA TP.HCM,,,Nguyen Van An,Ky Su,Tran Thi Hoa,Ke Toan,987654321,,,,thao.nt@mail.com,,,NGUYEN THI THAO,Vietcombank,Chi nhanh Sai Gon,123456789,1,Vi?t Nam,THPT Nguyen Binh Khiem,,,,,,,https://filestorage-avatar.png,2025-07-07 15:29:56.754 +0700,2025-07-07 15:29:56.754 +0700,,,,,,,TRUE,2025-07-07 15:29:56.754 +0700,2025-07-07 15:29:56.754 +0700,2025-07-07 15:29:56.754 +0700,FALSE
c2c6e3e1-b9e6-4b7b-8d6a-6e3b414c2c0f,HS002,SBD002,2,SV002,BC002,Tran Van,Hung,1,22/3/2005,THPT Phan Chu Trinh,Kinh,Phat giao,45 Tran Phu P.3 Q.Hai Ba Trung Ha Noi,45 Tran Phu P.3 Q.Hai Ba Trung Ha Noi,Ha Noi,Hai Ba Trung,Phuong 3,Hai Phong,Ngo Quyen,Cau Dat,,,,KV1,,THPT Phan Chu Trinh,10/11/2019,,20/5/2022,,CA Ha Noi,,,Tran Van Binh,Cong An,Pham Thi Mai,Noi Tro,978123456,,,,hung.tv@mail.com,,,TRAN VAN HUNG,Agribank,Chi nhanh Ha Noi,1234567890,1,Vi?t Nam,THPT Phan Chu Trinh,,,,,,,https://filestorage-avatar.png,2025-07-07 15:29:56.754 +0700,2025-07-07 15:29:56.754 +0700,,,,,,,TRUE,2025-07-07 15:29:56.754 +0700,2025-07-07 15:29:56.754 +0700,2025-07-07 15:29:56.754 +0700,FALSE
78e90e9b-f3e2-4a5c-a64b-6aecc35278c1,HS003,SBD003,3,SV003,BC003,Le Thi,Anh,0,1/11/2004,THPT Chu Van An,Tay,Khong,789 Dien Bien Phu P.5 Q.Son Tra Da Nang,789 Dien Bien Phu P.5 Q.Son Tra Da Nang,Da Nang,Son Tra,Phuong 5,Da Nang,Lien Chieu,Hoa Minh,,,,KV2-NT,,THPT Chu Van An,15/5/2020,,1/3/2022,,CA Da Nang,,,Le Van Dat,Bo Doi,Bui Thi Yen,Giao Vien,965432109,,,,anh.lt@mail.com,,,LE THI ANH,BIDV,Chi nhanh Da Nang,2345678901,1,Vi?t Nam,THPT Chu Van An,,,,,,,https://filestorage-avatar.png,2025-07-07 15:29:56.754 +0700,2025-07-07 15:29:56.754 +0700,,,,,,,TRUE,2025-07-07 15:29:56.754 +0700,2025-07-07 15:29:56.754 +0700,2025-07-07 15:29:56.754 +0700,FALSE
bb5b0117-1d46-4d26-a6bc-41cf77c116b6,HS004,SBD004,4,SV004,BC004,Pham Minh,Duc,1,29/10/2003,THPT Ngo Quyen,Kinh,Thien Chua giao,101 Nguyen Hue P.Tan An Q.Ninh Kieu Can Tho,101 Nguyen Hue P.Tan An Q.Ninh Kieu Can Tho,Can Tho,Ninh Kieu,Tan An,Can Tho,Cai Rang,Hung Thanh,,,,KV1,,THPT Ngo Quyen,20/1/2020,,12/11/2021,,CA Can Tho,,,Pham Van Thinh,Quan Ly,Hoang Thi Ngoc,Ban Hang,918765432,,,,duc.pm@mail.com,,,PHAM MINH DUC,MBBank,Chi nhanh Can Tho,3456789012,1,Vi?t Nam,THPT Ngo Quyen,,,,,,,https://filestorage-avatar.png,2025-07-07 15:29:56.754 +0700,2025-07-07 15:29:56.754 +0700,,,,,,,TRUE,2025-07-07 15:29:56.754 +0700,2025-07-07 15:29:56.754 +0700,2025-07-07 15:29:56.754 +0700,FALSE
7996f5f1-4c02-4472-938a-835fd3d8486b,HS005,SBD005,5,BC005,SV005,Hoang Van,Tai,1,8/6/2005,THPT Vo Nguyen Giap,H'mong,Phat giao,20 Ly Thuong Kiet P.1 Q.Go Vap TP.HCM,20 Ly Thuong Kiet P.1 Q.Go Vap TP.HCM,TP.HCM,Go Vap,Phuong 1,Gia Lai,Pleiku,Yen The,,,,KV2,,THPT Vo Nguyen Giap,1/4/2020,,5/8/2022,,CA Gia Lai,,,Hoang Van Nam,Nong Dan,Nguyen Thi Lien,Noi Tro,903456789,,,,tai.hv@mail.com,,,HOANG VAN TAI,VPBank,Chi nhanh Ho Chi Minh,4567890123,1,Vi?t Nam,THPT Vo Nguyen Giap,,,,,,,https://filestorage-avatar.png,2025-07-07 15:29:56.754 +0700,2025-07-07 15:29:56.754 +0700,,,,,,,TRUE,2025-07-07 15:29:56.754 +0700,2025-07-07 15:29:56.754 +0700,2025-07-07 15:29:56.754 +0700,FALSE
aa8cd313-c899-49a4-91de-d09d09d51e3e,HS006,SBD006,6,SV006,BC006,Vo Thi,Yen,0,12/2/2004,THPT Le Quy Don,Kinh,Thien Chua giao,888 Cach Mang Thang 8 P.7 Q.3 TP.HCM,888 Cach Mang Thang 8 P.7 Q.3 TP.HCM,TP.HCM,Quan 3,Phuong 7,Binh Duong,Di An,An Binh,,,,KV3,,THPT Le Quy Don,25/12/2019,,15/6/2021,,CA Binh Duong,,,Vo Van Chau,Tai Xe,Nguyen Thi Kim,Buon Ban,905678901,,,,yen.vt@mail.com,,,VO THI YEN,Techcombank,Chi nhanh Binh Duong,5678901234,1,Vi?t Nam,THPT Le Quy Don,,,,,,,https://filestorage-avatar.png,2025-07-07 15:29:56.754 +0700,2025-07-07 15:29:56.754 +0700,,,,,,,TRUE,2025-07-07 15:29:56.754 +0700,2025-07-07 15:29:56.754 +0700,2025-07-07 15:29:56.754 +0700,FALSE
ef6c160f-8bb2-4c29-8e3b-9b1dcae49b33,HS007,SBD007,7,SV007,BC007,Ngo Thanh,Long,1,5/9/2005,THPT Huynh Thuc Khang,Kinh,Khong,33 Phan Dang Luu P.4 Q.Phu Nhuan TP.HCM,33 Phan Dang Luu P.4 Q.Phu Nhuan TP.HCM,TP.HCM,Phu Nhuan,Phuong 4,Nghe An,Vinh,Truong Thi,,,,KV2-NT,,THPT Huynh Thuc Khang,18/3/2020,,1/4/2023,,CA Nghe An,,,Ngo Van Duong,Can Bo,Le Thi Thanh,Ke Toan,919012345,,,,long.nt@mail.com,,,NGO THANH LONG,Sacombank,Chi nhanh Phu Nhuan,6789012345,1,Vi?t Nam,THPT Huynh Thuc Khang,,,,,,,https://filestorage-avatar.png,2025-07-07 15:29:56.754 +0700,2025-07-07 15:29:56.754 +0700,,,,,,,TRUE,2025-07-07 15:29:56.754 +0700,2025-07-07 15:29:56.754 +0700,2025-07-07 15:29:56.754 +0700,FALSE
b268a869-55c5-4b91-9a1e-716edcd621e4,HS008,SBD008,8,SV008,BC008,Do Minh,Tam,1,30/11/2004,THPT Dong Da,Muong,Phat giao,99 Nguyen Trai P.1 Q.5 TP.HCM,99 Nguyen Trai P.1 Q.5 TP.HCM,TP.HCM,Quan 5,Phuong 1,TP.HCM,Quan 5,Phuong 1,,,,KV1,,THPT Dong Da,9/7/2020,,25/9/2021,,CA TP.HCM,,,Do Van Hung,Lao Dong,Tran Thi Diep,Kinh Doanh,983456789,,,,tam.dm@mail.com,,,DO MINH TAM,ACB,Chi nhanh Quan 5,7890123456,1,Vi?t Nam,THPT Dong Da,,,,,,,https://filestorage-avatar.png,2025-07-07 15:29:56.754 +0700,2025-07-07 15:29:56.754 +0700,,,,,,,TRUE,2025-07-07 15:29:56.754 +0700,2025-07-07 15:29:56.754 +0700,2025-07-07 15:29:56.754 +0700,FALSE
0b41c34c-cf3f-4d2b-9e6c-61dc5f1dfd8f,HS009,SBD009,9,SV009,BC009,Nguyen Van,Khang,1,19/8/2003,THPT Marie Curie,Kinh,Khong,50 Truong Chinh P.10 Q.Tan Binh TP.HCM,50 Truong Chinh P.10 Q.Tan Binh TP.HCM,TP.HCM,Tan Binh,Phuong 10,Hai Duong,Thanh Mien,Hong Lac,,,,KV2,,THPT Marie Curie,2/1/2020,,11/2/2023,,CA Hai Duong,,,Nguyen Van Ba,Nhan Vien,Phan Thi Loc,Thu Ky,973456789,,,,khang.nv@mail.com,,,NGUYEN VAN KHANG,Eximbank,Chi nhanh Tan Binh,8901234567,1,Vi?t Nam,THPT Marie Curie,,,,,,,https://filestorage-avatar.png,2025-07-07 15:29:56.754 +0700,2025-07-07 15:29:56.754 +0700,,,,,,,TRUE,2025-07-07 15:29:56.754 +0700,2025-07-07 15:29:56.754 +0700,2025-07-07 15:29:56.754 +0700,FALSE
c84d734e-8916-4ac1-a917-481a2f7a2ac9,HS010,SBD010,10,SV010,BC010,Tran Thi,Mai,0,7/4/2005,THPT Tran Quy Cap,Kinh,Phat giao,15 Tran Hung Dao P.1 Q.1 TP.HCM,15 Tran Hung Dao P.1 Q.1 TP.HCM,TP.HCM,Quan 1,Phuong 1,Da Lat,Bao Loc,Loc Son,,,,KV3,,THPT Tran Quy Cap,8/5/2020,,8/10/2021,,CA Lam Dong,,,Tran Van Chien,Giao Vien,Hoang Thi Mien,Ban Hang,906789012,,,,mai.tt@mail.com,,,TRAN THI MAI,VietinBank,Chi nhanh Quan 1,9012345678,1,Vi?t Nam,THPT Tran Quy Cap,,,,,,,https://filestorage-avatar.png,2025-07-07 15:29:56.754 +0700,2025-07-07 15:29:56.754 +0700,,,,,,,TRUE,2025-07-07 15:29:56.754 +0700,2025-07-07 15:29:56.754 +0700,2025-07-07 15:29:56.754 +0700,FALSE
3e5b2c42-cadb-4d57-b34d-34b6880cb539,HS011,SBD011,11,SV011,BC011,Le Van,Thanh,1,20/6/2004,THPT Phan Boi Chau,Kinh,Khong,77 Hoang Dieu P.5 Q.4 TP.HCM,77 Hoang Dieu P.5 Q.4 TP.HCM,TP.HCM,Quan 4,Phuong 5,Binh Thuan,Phan Thiet,Phu Thuy,,,,KV1,,THPT Phan Boi Chau,3/2/2020,,19/7/2022,,CA Binh Thuan,,,Le Van Cong,Quan Nhan,Nguyen Thi Xuan,Y Ta,917890123,,,,thanh.lv@mail.com,,,LE VAN THANH,TPBank,Chi nhanh Quan 4,123456789,1,Vi?t Nam,THPT Phan Boi Chau,,,,,,,https://filestorage-avatar.png,2025-07-07 15:29:56.754 +0700,2025-07-07 15:29:56.754 +0700,,,,,,,TRUE,2025-07-07 15:29:56.754 +0700,2025-07-07 15:29:56.754 +0700,2025-07-07 15:29:56.754 +0700,FALSE
bcbd8220-7599-47ff-9cb2-cfc400368e9c,HS012,SBD012,12,SV012,BC012,Pham Thi,Huong,0,10/12/2005,THPT Hung Vuong,Dao,Phat giao,22 Su Van Hanh P.12 Q.10 TP.HCM,22 Su Van Hanh P.12 Q.10 TP.HCM,TP.HCM,Quan 10,Phuong 12,Quang Nam,Hoi An,Cam Pho,,,,KV2,,THPT Hung Vuong,16/9/2020,,14/1/2023,,CA Quang Nam,,,Pham Van Quang,Ky Thuat,Tran Thi Hong,Lam Ruong,981234567,,,,huong.pt@mail.com,,,PHAM THI HUONG,OceanBank,Chi nhanh Quan 10,1234567890,1,Vi?t Nam,THPT Hung Vuong,,,,,,,https://filestorage-avatar.png,2025-07-07 15:29:56.754 +0700,2025-07-07 15:29:56.754 +0700,,,,,,,TRUE,2025-07-07 15:29:56.754 +0700,2025-07-07 15:29:56.754 +0700,2025-07-07 15:29:56.754 +0700,FALSE
5c0c4c57-c294-43b3-9935-f5f81cc1c670,HS013,SBD013,13,SV013,BC013,Trinh Van,Khoi,1,28/1/2004,THPT Nguyen Huu Huan,Kinh,Khong,400 Nguyen Oanh P.17 Q.Go Vap TP.HCM,400 Nguyen Oanh P.17 Q.Go Vap TP.HCM,TP.HCM,Go Vap,Phuong 17,Thua Thien Hue,Hue,Phu Nhuan,,,,KV2-NT,,THPT Nguyen Huu Huan,4/4/2020,,29/5/2022,,CA Hue,,,Trinh Van Hau,Lao Dong,Le Thi Lieu,Noi Tro,913456789,,,,khoi.tv@mail.com,,,TRINH VAN KHOI,PVComBank,Chi nhanh Go Vap,2345678901,1,Vi?t Nam,THPT Nguyen Huu Huan,,,,,,,https://filestorage-avatar.png,2025-07-07 15:29:56.754 +0700,2025-07-07 15:29:56.754 +0700,,,,,,,TRUE,2025-07-07 15:29:56.754 +0700,2025-07-07 15:29:56.754 +0700,2025-07-07 15:29:56.754 +0700,FALSE
7f6107b2-e28a-4639-94a4-1f199cc90298,HS014,SBD014,14,SV014,BC014,Bui Thi,Van,0,14/5/2005,THPT Hai Ba Trung,Kinh,Thien Chua giao,999 Le Duan P.1 Q.Binh Tan TP.HCM,999 Le Duan P.1 Q.Binh Tan TP.HCM,TP.HCM,Binh Tan,Phuong 1,Quang Tri,Dong Ha,Phuong 5,,,,KV1,,THPT Hai Ba Trung,21/11/2019,,7/3/2021,,CA Quang Tri,,,Bui Van Chinh,Cong Nhan,Pham Thi Ha,Ke Toan,982345678,,,,van.bt@mail.com,,,BUI THI VAN,SHB,Chi nhanh Binh Tan,3456789012,1,Vi?t Nam,THPT Hai Ba Trung,,,,,,,https://filestorage-avatar.png,2025-07-07 15:29:56.754 +0700,2025-07-07 15:29:56.754 +0700,,,,,,,TRUE,2025-07-07 15:29:56.754 +0700,2025-07-07 15:29:56.754 +0700,2025-07-07 15:29:56.754 +0700,FALSE
05f22c93-4b3b-429b-aec2-574fc4d47b5e,HS015,SBD015,15,SV015,BC015,Dinh Quang,Huy,1,3/9/2004,THPT Luong The Vinh,Thai,Khong,10 Nguyen Chi Thanh P.1 Q.6 TP.HCM,10 Nguyen Chi Thanh P.1 Q.6 TP.HCM,TP.HCM,Quan 6,Phuong 1,Lao Cai,Sapa,Lao Cai,,,,KV2,,THPT Luong The Vinh,13/10/2020,,22/8/2022,,CA Lao Cai,,,Dinh Van Phuoc,Giao Vien,Ho Thi Ly,Y Ta,971234567,,,,huy.dq@mail.com,,,DINH QUANG HUY,VIB,Chi nhanh Quan 6,4567890123,1,Vi?t Nam,THPT Luong The Vinh,,,,,,,https://filestorage-avatar.png,2025-07-07 15:29:56.754 +0700,2025-07-07 15:29:56.754 +0700,,,,,,,TRUE,2025-07-07 15:29:56.754 +0700,2025-07-07 15:29:56.754 +0700,2025-07-07 15:29:56.754 +0700,FALSE
f5b46fe3-f589-4e41-a191-64aab55d946b,HS016,SBD016,16,SV016,BC016,Vu Thi,Kim,0,25/3/2005,THPT Nguyen Thuong Hien,Kinh,Phat giao,55 Cong Hoa P.4 Q.Tan Binh TP.HCM,55 Cong Hoa P.4 Q.Tan Binh TP.HCM,TP.HCM,Tan Binh,Phuong 4,Binh Dinh,Quy Nhon,Tran Hung Dao,,,,KV3,,THPT Nguyen Thuong Hien,17/1/2020,,4/5/2021,,CA Binh Dinh,,,Vu Van Thang,Cong Nhan,Le Thi Duyen,Noi Tro,962345678,,,,kim.vt@mail.com,,,VU THI KIM,HDBank,Chi nhanh Tan Binh,5678901234,1,Vi?t Nam,THPT Nguyen Thuong Hien,,,,,,,https://filestorage-avatar.png,2025-07-07 15:29:56.754 +0700,2025-07-07 15:29:56.754 +0700,,,,,,,TRUE,2025-07-07 15:29:56.754 +0700,2025-07-07 15:29:56.754 +0700,2025-07-07 15:29:56.754 +0700,FALSE
fe6978eb-c389-4ef0-8824-83e3579e60b9,HS017,SBD017,17,SV017,BC017,Ho Van,Phuc,1,11/1/2004,THPT Nguyen Khuyen,Kinh,Khong,250 Hoang Van Thu P.2 Q.Tan Binh TP.HCM,250 Hoang Van Thu P.2 Q.Tan Binh TP.HCM,TP.HCM,Tan Binh,Phuong 2,Quang Ngai,Son Tinh,Tinh Minh,,,,KV2,,THPT Nguyen Khuyen,6/6/2020,,28/11/2022,,CA Quang Ngai,,,Ho Van Truong,Nhan Vien,Tran Thi Lanh,Ke Toan,904567890,,,,phuc.hv@mail.com,,,HO VAN PHUC,ACB,Chi nhanh Tan Binh,6789012345,1,Vi?t Nam,THPT Nguyen Khuyen,,,,,,,https://filestorage-avatar.png,2025-07-07 15:29:56.754 +0700,2025-07-07 15:29:56.754 +0700,,,,,,,TRUE,2025-07-07 15:29:56.754 +0700,2025-07-07 15:29:56.754 +0700,2025-07-07 15:29:56.754 +0700,FALSE
0cbb1e33-e8f9-48a3-a267-fd6479c2e1dc,HS018,SBD018,18,SV018,BC018,Nguyen Thi,Hoa,0,17/10/2005,THPT Go Vap,Kinh,Thien Chua giao,543 Quang Trung P.11 Q.Go Vap TP.HCM,543 Quang Trung P.11 Q.Go Vap TP.HCM,TP.HCM,Go Vap,Phuong 11,Khanh Hoa,Nha Trang,Vinh Hai,,,,KV1,,THPT Go Vap,14/8/2019,,17/9/2021,,CA Khanh Hoa,,,Nguyen Van Tan,Cong Nhan,Pham Thi My,Buon Ban,915678901,,,,hoa.nt@mail.com,,,NGUYEN THI HOA,Vietcombank,Chi nhanh Go Vap,7890123456,1,Vi?t Nam,THPT Go Vap,,,,,,,https://filestorage-avatar.png,2025-07-07 15:29:56.754 +0700,2025-07-07 15:29:56.754 +0700,,,,,,,TRUE,2025-07-07 15:29:56.754 +0700,2025-07-07 15:29:56.754 +0700,2025-07-07 15:29:56.754 +0700,FALSE
c3f76ab9-9373-438d-a14a-6740c2f07306,HS019,SBD019,19,SV019,BC019,Tran Van,Nam,1,23/5/2004,THPT Truong Chinh,Dao,Khong,789 Le Van Sy P.14 Q.3 TP.HCM,789 Le Van Sy P.14 Q.3 TP.HCM,TP.HCM,Quan 3,Phuong 14,Binh Phuoc,Dong Xoai,Tan Thien,,,,KV2,,THPT Truong Chinh,7/3/2020,,3/1/2023,,CA Binh Phuoc,,,Tran Van Vinh,Bo Doi,Vo Thi Kim,Giao Vien,985678901,,,,nam.tv@mail.com,,,TRAN VAN NAM,Agribank,Chi nhanh Quan 3,8901234567,1,Vi?t Nam,THPT Truong Chinh,,,,,,,https://filestorage-avatar.png,2025-07-07 15:29:56.754 +0700,2025-07-07 15:29:56.754 +0700,,,,,,,TRUE,2025-07-07 15:29:56.754 +0700,2025-07-07 15:29:56.754 +0700,2025-07-07 15:29:56.754 +0700,FALSE
d6f299f1-9649-4932-baf1-9264a0f4e13e,HS020,SBD020,20,SV020,BC020,Ho Thi,Thanh,0,9/11/2003,THPT Ngo Gia Tu,Kinh,Phat giao,1000 Hoang Dieu P.8 Q.4 TP.HCM,1000 Hoang Dieu P.8 Q.4 TP.HCM,TP.HCM,Quan 4,Phuong 8,Phu Yen,Tuy Hoa,Phu Dong,,,,KV2-NT,,THPT Ngo Gia Tu,24/12/2019,,26/10/2022,,CA Phu Yen,,,Ho Van Phap,Quan Ly,Nguyen Thi Lan,Noi Tro,976789012,,,,thanh.ht@mail.com,,,HO THI THANH,BIDV,Chi nhanh Quan 4,9012345678,1,Vi?t Nam,THPT Ngo Gia Tu,,,,,,,https://filestorage-avatar.png,2025-07-07 15:29:56.754 +0700,2025-07-07 15:29:56.754 +0700,,,,,,,TRUE,2025-07-07 15:29:56.754 +0700,2025-07-07 15:29:56.754 +0700,2025-07-07 15:29:56.754 +0700,FALSE
6893c155-4ff1-4261-9ebf-d4f5e3ab1d7e,HS021,SBD021,21,SV021,BC021,Ly Van,Hieu,1,16/4/2005,THPT Nguyen Dinh Chieu,Kinh,Khong,50 Tran Quang Khai P.Tan Dinh Q.1 TP.HCM,50 Tran Quang Khai P.Tan Dinh Q.1 TP.HCM,TP.HCM,Quan 1,Tan Dinh,Quang Binh,Dong Hoi,Bac Ly,,,,KV1,,THPT Nguyen Dinh Chieu,11/5/2020,,9/4/2021,,CA Quang Binh,,,Ly Van Toan,Ky Su,Tran Thi Thuy,Ke Toan,967890123,,,,hieu.lv@mail.com,,,LY VAN HIEU,MBBank,Chi nhanh Quan 1,123456789,1,Vi?t Nam,THPT Nguyen Dinh Chieu,,,,,,,https://filestorage-avatar.png,2025-07-07 15:29:56.754 +0700,2025-07-07 15:29:56.754 +0700,,,,,,,TRUE,2025-07-07 15:29:56.754 +0700,2025-07-07 15:29:56.754 +0700,2025-07-07 15:29:56.754 +0700,FALSE
e4659f8a-bf7b-4c71-9a12-e7d1b15b6498,HS022,SBD022,22,SV022,BC022,Pham Thi,Diep,0,2/12/2004,THPT Nguyen Chi Thanh,Tay,Thien Chua giao,99 Pham Hung P.1 Q.8 TP.HCM,99 Pham Hung P.1 Q.8 TP.HCM,TP.HCM,Quan 8,Phuong 1,Ha Tinh,Ha Tinh,Nguyen Du,,,,KV3,,THPT Nguyen Chi Thanh,1/1/2020,,18/12/2022,,CA Ha Tinh,,,Pham Van Hoan,Cong An,Le Thi Huong,Noi Tro,908901234,,,,diep.pt@mail.com,,,PHAM THI DIEP,VPBank,Chi nhanh Quan 8,1234567890,1,Vi?t Nam,THPT Nguyen Chi Thanh,,,,,,,https://filestorage-avatar.png,2025-07-07 15:29:56.754 +0700,2025-07-07 15:29:56.754 +0700,,,,,,,TRUE,2025-07-07 15:29:56.754 +0700,2025-07-07 15:29:56.754 +0700,2025-07-07 15:29:56.754 +0700,FALSE
a865f7d7-7159-4ac7-ae47-215091391a69,HS023,SBD023,23,SV023,BC023,Nguyen Minh,Quang,1,21/7/2003,THPT Tan Binh,Kinh,Khong,15 Nguyen Van Troi P.5 Q.Phu Nhuan TP.HCM,15 Nguyen Van Troi P.5 Q.Phu Nhuan TP.HCM,TP.HCM,Phu Nhuan,Phuong 5,Bac Ninh,Tu Son,Dong Ngan,,,,KV2,,THPT Tan Binh,23/4/2020,,13/5/2021,,CA Bac Ninh,,,Nguyen Van Lam,Bo Doi,Tran Thi Cuc,Ke Toan,919012345,,,,quang.nm@mail.com,,,NGUYEN MINH QUANG,VietinBank,Chi nhanh Phu Nhuan,2345678901,1,Vi?t Nam,THPT Tan Binh,,,,,,,https://filestorage-avatar.png,2025-07-07 15:29:56.754 +0700,2025-07-07 15:29:56.754 +0700,,,,,,,TRUE,2025-07-07 15:29:56.754 +0700,2025-07-07 15:29:56.754 +0700,2025-07-07 15:29:56.754 +0700,FALSE
e02c6586-3c24-4b80-bdf1-9f8947a3175d,HS024,SBD024,24,SV024,BC024,Le Thi,Minh,0,5/3/2005,THPT Nguyen Du,Kinh,Phat giao,444 Dien Bien Phu P.11 Q.Binh Thanh TP.HCM,444 Dien Bien Phu P.11 Q.Binh Thanh TP.HCM,TP.HCM,Binh Thanh,Phuong 11,Nam Dinh,Thanh Liem,Le Hong Phong,,,,KV2-NT,,THPT Nguyen Du,10/11/2019,,6/2/2023,,CA Nam Dinh,,,Le Van Khanh,Quan Ly,Pham Thi Tien,Giao Vien,987654321,,,,minh.lt@mail.com,,,LE THI MINH,MBBank,Chi nhanh Binh Thanh,3456789012,1,Vi?t Nam,THPT Nguyen Du,,,,,,,https://filestorage-avatar.png,2025-07-07 15:29:56.754 +0700,2025-07-07 15:29:56.754 +0700,,,,,,,TRUE,2025-07-07 15:29:56.754 +0700,2025-07-07 15:29:56.754 +0700,2025-07-07 15:29:56.754 +0700,FALSE
9e598c0e-d043-4fd7-a801-caa7c7a79b4b,HS025,SBD025,25,SV025,BC025,Tran Van,Dat,1,13/11/2004,THPT Nguyen Thi Minh Khai,Hoa,Khong,600 Tran Phu P.3 Q.5 TP.HCM,600 Tran Phu P.3 Q.5 TP.HCM,TP.HCM,Quan 5,Phuong 3,Dong Nai,Bien Hoa,Quang Vinh,,,,KV1,,THPT Nguyen Thi Minh Khai,5/8/2020,,20/3/2022,,CA Dong Nai,,,Tran Van Chinh,Cong Nhan,Ho Thi Mai,Buon Ban,978123456,,,,dat.tv@mail.com,,,TRAN VAN DAT,TPBank,Chi nhanh Quan 5,4567890123,1,Vi?t Nam,THPT Nguyen Thi Minh Khai,,,,,,,https://filestorage-avatar.png,2025-07-07 15:29:56.754 +0700,2025-07-07 15:29:56.754 +0700,,,,,,,TRUE,2025-07-07 15:29:56.754 +0700,2025-07-07 15:29:56.754 +0700,2025-07-07 15:29:56.754 +0700,FALSE
bcf9e3a4-25c6-480f-bd63-10d75d1f735b,HS026,SBD026,26,SV026,BC026,Phan Thi,Linh,0,29/1/2004,THPT Gia Dinh,Kinh,Thien Chua giao,30 Phan Dang Luu P.1 Q.Phu Nhuan TP.HCM,30 Phan Dang Luu P.1 Q.Phu Nhuan TP.HCM,TP.HCM,Phu Nhuan,Phuong 1,Da Nang,Thanh Khe,Vinh Trung,,,,KV3,,THPT Gia Dinh,18/2/2020,,16/11/2021,,CA Da Nang,,,Phan Van Tuan,Ky Su,Do Thi Hanh,Ke Toan,965432109,,,,linh.pt@mail.com,,,PHAN THI LINH,Sacombank,Chi nhanh Phu Nhuan,5678901234,1,Vi?t Nam,THPT Gia Dinh,,,,,,,https://filestorage-avatar.png,2025-07-07 15:29:56.754 +0700,2025-07-07 15:29:56.754 +0700,,,,,,,TRUE,2025-07-07 15:29:56.754 +0700,2025-07-07 15:29:56.754 +0700,2025-07-07 15:29:56.754 +0700,FALSE
19d61bc9-2c93-412e-9d41-d605260d373a,HS027,SBD027,27,SV027,BC027,Vo Van,Manh,1,6/8/2005,THPT Nguyen Cong Tru,Kinh,Phat giao,101 Nguyen Chi Thanh P.3 Q.10 TP.HCM,101 Nguyen Chi Thanh P.3 Q.10 TP.HCM,TP.HCM,Quan 10,Phuong 3,Can Tho,Ninh Kieu,Cai Khe,,,,KV2,,THPT Nguyen Cong Tru,9/4/2020,,5/12/2022,,CA Can Tho,,,Vo Van Hiep,Cong An,Truong Thi Sam,Noi Tro,918765432,,,,manh.vv@mail.com,,,VO VAN MANH,ACB,Chi nhanh Quan 10,6789012345,1,Vi?t Nam,THPT Nguyen Cong Tru,,,,,,,https://filestorage-avatar.png,2025-07-07 15:29:56.754 +0700,2025-07-07 15:29:56.754 +0700,,,,,,,TRUE,2025-07-07 15:29:56.754 +0700,2025-07-07 15:29:56.754 +0700,2025-07-07 15:29:56.754 +0700,FALSE
43b2f2a9-112e-45ee-a7c7-9d729ad11df9,HS028,SBD028,28,SV028,BC028,Bui Thi,Nhung,0,24/12/2003,THPT Hoang Hoa Tham,Kinh,Khong,222 Ly Thuong Kiet P.10 Q.Tan Binh TP.HCM,222 Ly Thuong Kiet P.10 Q.Tan Binh TP.HCM,TP.HCM,Tan Binh,Phuong 10,Thanh Hoa,Sam Son,Quang Tien,,,,KV1,,THPT Hoang Hoa Tham,27/5/2020,,21/8/2021,,CA Thanh Hoa,,,Bui Van Duc,Quan Ly,Nguyen Thi Lan,Ban Hang,903456789,,,,nhung.bt@mail.com,,,BUI THI NHUNG,Eximbank,Chi nhanh Tan Binh,7890123456,1,Vi?t Nam,THPT Hoang Hoa Tham,,,,,,,https://filestorage-avatar.png,2025-07-07 15:29:56.754 +0700,2025-07-07 15:29:56.754 +0700,,,,,,,TRUE,2025-07-07 15:29:56.754 +0700,2025-07-07 15:29:56.754 +0700,2025-07-07 15:29:56.754 +0700,FALSE
25c503f6-c7de-4d18-900a-f2b24b6a6e6d,HS029,SBD029,29,SV029,BC029,Do Van,Thang,1,17/2/2005,THPT Nguyen Thi Dinh,Kinh,Thien Chua giao,333 Phan Van Tri P.11 Q.Go Vap TP.HCM,333 Phan Van Tri P.11 Q.Go Vap TP.HCM,TP.HCM,Go Vap,Phuong 11,Quang Ninh,Ha Long,Hong Hai,,,,KV3,,THPT Nguyen Thi Dinh,3/1/2020,,10/6/2023,,CA Quang Ninh,,,Do Van Binh,Ky Thuat,Tran Thi Van,Buon Ban,917890123,,,,thang.dv@mail.com,,,DO VAN THANG,VietinBank,Chi nhanh Go Vap,8901234567,1,Vi?t Nam,THPT Nguyen Thi Dinh,,,,,,,https://filestorage-avatar.png,2025-07-07 15:29:56.754 +0700,2025-07-07 15:29:56.754 +0700,,,,,,,TRUE,2025-07-07 15:29:56.754 +0700,2025-07-07 15:29:56.754 +0700,2025-07-07 15:29:56.754 +0700,FALSE
f43b1964-7e85-4f82-a499-391eb437cf38,HS030,SBD030,30,SV030,BC030,Dang Thi,Kim,0,4/10/2004,THPT Mac Dinh Chi,Kinh,Phat giao,40 Nguyen Van Luong P.10 Q.6 TP.HCM,40 Nguyen Van Luong P.10 Q.6 TP.HCM,TP.HCM,Quan 6,Phuong 10,Tay Ninh,Tay Ninh,Ward 3,,,,KV2,,THPT Mac Dinh Chi,12/7/2020,,2/9/2021,,CA Tay Ninh,,,Dang Van Tien,Giao Vien,Phan Thi Tam,Y Ta,979012345,,,,kim.dt@mail.com,,,DANG THI KIM,MBBank,Chi nhanh Quan 6,9012345678,1,Vi?t Nam,THPT Mac Dinh Chi,,,,,,,https://filestorage-avatar.png,2025-07-07 15:29:56.754 +0700,2025-07-07 15:29:56.754 +0700,,,,,,,TRUE,2025-07-07 15:29:56.754 +0700,2025-07-07 15:29:56.754 +0700,2025-07-07 15:29:56.754 +0700,FALSE
be0b52a8-fdf3-4a55-a14d-e84d2e4f68d4,HS031,SBD031,31,SV031,BC031,Huynh Van,Hiep,1,18/6/2005,THPT Tran Phu,Ede,Khong,500 Ly Thuong Kiet P.7 Q.Tan Binh TP.HCM,500 Ly Thuong Kiet P.7 Q.Tan Binh TP.HCM,TP.HCM,Tan Binh,Phuong 7,Dak Lak,Buon Ma Thuot,Tan Thanh,,,,KV2-NT,,THPT Tran Phu,25/3/2020,,15/4/2022,,CA Dak Lak,,,Huynh Van Tam,Bo Doi,Le Thi Hai,Ke Toan,980123456,,,,hiep.hv@mail.com,,,HUYNH VAN HIEP,VPBank,Chi nhanh Tan Binh,123456789,1,Vi?t Nam,THPT Tran Phu,,,,,,,https://filestorage-avatar.png,2025-07-07 15:29:56.754 +0700,2025-07-07 15:29:56.754 +0700,,,,,,,TRUE,2025-07-07 15:29:56.754 +0700,2025-07-07 15:29:56.754 +0700,2025-07-07 15:29:56.754 +0700,FALSE
5b82d1df-d36a-4e9d-8a64-bf83a6b774c7,HS032,SBD032,32,SV032,BC032,Nguyen Thi,Tuyet,0,27/2/2004,THPT Le Hong Phong,Kinh,Thien Chua giao,99 Pham Ngoc Thach P.6 Q.3 TP.HCM,99 Pham Ngoc Thach P.6 Q.3 TP.HCM,TP.HCM,Quan 3,Phuong 6,Da Lat,Bao Loc,Loc Chau,,,,KV1,,THPT Le Hong Phong,14/9/2019,,8/1/2023,,CA Lam Dong,,,Nguyen Van Loc,Cong Nhan,Do Thi Yen,Noi Tro,961234567,,,,tuyet.nt@mail.com,,,NGUYEN THI TUYET,Techcombank,Chi nhanh Quan 3,1234567890,1,Vi?t Nam,THPT Le Hong Phong,,,,,,,https://filestorage-avatar.png,2025-07-07 15:29:56.754 +0700,2025-07-07 15:29:56.754 +0700,,,,,,,TRUE,2025-07-07 15:29:56.754 +0700,2025-07-07 15:29:56.754 +0700,2025-07-07 15:29:56.754 +0700,FALSE
88c38b26-e571-44b6-bd5a-dfcdfe90928b,HS033,SBD033,33,SV033,BC033,Tran Van,Cuong,1,5/10/2003,THPT Phu Nhuan,Kinh,Phat giao,111 Phan Dinh Phung P.1 Q.Phu Nhuan TP.HCM,111 Phan Dinh Phung P.1 Q.Phu Nhuan TP.HCM,TP.HCM,Phu Nhuan,Phuong 1,Ha Noi,Hoan Kiem,Chuong Duong,,,,KV3,,THPT Phu Nhuan,2/11/2020,,23/5/2022,,CA Ha Noi,,,Tran Van Duc,Quan Ly,Nguyen Thi Lan,Buon Ban,903456789,,,,cuong.tv@mail.com,,,TRAN VAN CUONG,Sacombank,Chi nhanh Phu Nhuan,2345678901,1,Vi?t Nam,THPT Phu Nhuan,,,,,,,https://filestorage-avatar.png,2025-07-07 15:29:56.754 +0700,2025-07-07 15:29:56.754 +0700,,,,,,,TRUE,2025-07-07 15:29:56.754 +0700,2025-07-07 15:29:56.754 +0700,2025-07-07 15:29:56.754 +0700,FALSE
0f7cc278-ecff-4f0f-a2a4-5d19c0aa5385,HS034,SBD034,34,SV034,BC034,Do Thi,Lien,0,19/4/2005,THPT Binh Hung Hoa,Kinh,Khong,222 Binh Tri Dong P.Binh Hung Hoa Q.Binh Tan TP.HCM,222 Binh Tri Dong P.Binh Hung Hoa Q.Binh Tan TP.HCM,TP.HCM,Binh Tan,Binh Hung Hoa,Long An,Tan An,Ward 5,,,,KV2,,THPT Binh Hung Hoa,16/6/2020,,12/10/2021,,CA Long An,,,Do Van Chung,Nhan Vien,Le Thi Hoa,Ke Toan,914567890,,,,lien.dt@mail.com,,,DO THI LIEN,ACB,Chi nhanh Binh Tan,3456789012,1,Vi?t Nam,THPT Binh Hung Hoa,,,,,,,https://filestorage-avatar.png,2025-07-07 15:29:56.754 +0700,2025-07-07 15:29:56.754 +0700,,,,,,,TRUE,2025-07-07 15:29:56.754 +0700,2025-07-07 15:29:56.754 +0700,2025-07-07 15:29:56.754 +0700,FALSE
c30d9f46-fd63-4899-973e-b23f2d3259fc,HS035,SBD035,35,SV035,BC035,Le Van,Trung,1,8/12/2004,THPT Nguyen Thi Dieu,Kinh,Thien Chua giao,333 Hai Ba Trung P.1 Q.3 TP.HCM,333 Hai Ba Trung P.1 Q.3 TP.HCM,TP.HCM,Quan 3,Phuong 1,Tien Giang,My Tho,Ward 7,,,,KV2-NT,,THPT Nguyen Thi Dieu,7/1/2020,,1/3/2023,,CA Tien Giang,,,Le Van Chinh,Lao Dong,Pham Thi Mien,Ban Hang,975678901,,,,trung.lv@mail.com,,,LE VAN TRUNG,Eximbank,Chi nhanh Quan 3,4567890123,1,Vi?t Nam,THPT Nguyen Thi Dieu,,,,,,,https://filestorage-avatar.png,2025-07-07 15:29:56.754 +0700,2025-07-07 15:29:56.754 +0700,,,,,,,TRUE,2025-07-07 15:29:56.754 +0700,2025-07-07 15:29:56.754 +0700,2025-07-07 15:29:56.754 +0700,FALSE
32600129-d66d-4993-b2b7-7002fa735b25,HS036,SBD036,36,SV036,BC036,Nguyen Thi,Hong,0,26/3/2005,THPT Tran Quoc Tuan,Kinh,Phat giao,444 Ly Thuong Kiet P.5 Q.10 TP.HCM,444 Ly Thuong Kiet P.5 Q.10 TP.HCM,TP.HCM,Quan 10,Phuong 5,Vinh Long,Vinh Long,Ward 8,,,,KV3,,THPT Tran Quoc Tuan,21/5/2020,,14/9/2022,,CA Vinh Long,,,Nguyen Van Dat,Ky Su,Tran Thi Thao,Noi Tro,986789012,,,,hong.nt@mail.com,,,NGUYEN THI HONG,VietinBank,Chi nhanh Quan 10,5678901234,1,Vi?t Nam,THPT Tran Quoc Tuan,,,,,,,https://filestorage-avatar.png,2025-07-07 15:29:56.754 +0700,2025-07-07 15:29:56.754 +0700,,,,,,,TRUE,2025-07-07 15:29:56.754 +0700,2025-07-07 15:29:56.754 +0700,2025-07-07 15:29:56.754 +0700,FALSE
54c5c381-7a17-437c-8ba2-3c46d1a2a30b,HS037,SBD037,37,SV037,BC037,Phan Van,Duy,1,10/1/2004,THPT Ho Chi Minh,Kinh,Khong,555 CMT8 P.13 Q.10 TP.HCM,555 CMT8 P.13 Q.10 TP.HCM,TP.HCM,Quan 10,Phuong 13,Soc Trang,Soc Trang,Ward 2,,,,KV2,,THPT Ho Chi Minh,4/12/2019,,30/1/2021,,CA Soc Trang,,,Phan Van Hiep,Cong An,Nguyen Thi Yen,Ke Toan,967890123,,,,duy.pv@mail.com,,,PHAN VAN DUY,MBBank,Chi nhanh Quan 10,6789012345,1,Vi?t Nam,THPT Ho Chi Minh,,,,,,,https://filestorage-avatar.png,2025-07-07 15:29:56.754 +0700,2025-07-07 15:29:56.754 +0700,,,,,,,TRUE,2025-07-07 15:29:56.754 +0700,2025-07-07 15:29:56.754 +0700,2025-07-07 15:29:56.754 +0700,FALSE
c5d0e7bb-136e-4648-b3c4-5cd4e2913b8e,HS038,SBD038,38,SV038,BC038,Vo Thi,Nguyet,0,22/7/2005,THPT Gia Long,Kinh,Thien Chua giao,666 Le Hong Phong P.1 Q.5 TP.HCM,666 Le Hong Phong P.1 Q.5 TP.HCM,TP.HCM,Quan 5,Phuong 1,Kien Giang,Rach Gia,Vinh Thanh,,,,KV1,,THPT Gia Long,19/8/2020,,7/7/2023,,CA Kien Giang,,,Vo Van Hung,Bo Doi,Pham Thi Loan,Ban Hang,908901234,,,,nguyet.vt@mail.com,,,VO THI NGUYET,VPBank,Chi nhanh Quan 5,7890123456,1,Vi?t Nam,THPT Gia Long,,,,,,,https://filestorage-avatar.png,2025-07-07 15:29:56.754 +0700,2025-07-07 15:29:56.754 +0700,,,,,,,TRUE,2025-07-07 15:29:56.754 +0700,2025-07-07 15:29:56.754 +0700,2025-07-07 15:29:56.754 +0700,FALSE
65f3d281-bb5c-4c08-85b3-cb1a60122bfa,HS039,SBD039,39,SV039,BC039,Nguyen Van,Tuan,1,14/9/2003,THPT Ngo Quyen,Kinh,Phat giao,777 Nguyen Trai P.12 Q.5 TP.HCM,777 Nguyen Trai P.12 Q.5 TP.HCM,TP.HCM,Quan 5,Phuong 12,An Giang,Long Xuyen,My Hoa Hung,,,,KV3,,THPT Ngo Quyen,2/2/2020,,24/4/2022,,CA An Giang,,,Nguyen Van Thuan,Lao Dong,Le Thi Hoa,Noi Tro,917890123,,,,tuan.nv@mail.com,,,NGUYEN VAN TUAN,Techcombank,Chi nhanh Quan 5,8901234567,1,Vi?t Nam,THPT Ngo Quyen,,,,,,,https://filestorage-avatar.png,2025-07-07 15:29:56.754 +0700,2025-07-07 15:29:56.754 +0700,,,,,,,TRUE,2025-07-07 15:29:56.754 +0700,2025-07-07 15:29:56.754 +0700,2025-07-07 15:29:56.754 +0700,FALSE
bb209091-3e20-48eb-91e6-0e0d64e23845,HS040,SBD040,40,SV040,BC040,Tran Thi,Phuong,0,1/1/2005,THPT Nguyen Thuong Hien,Kinh,Khong,888 Le Van Sy P.1 Q.Phu Nhuan TP.HCM,888 Le Van Sy P.1 Q.Phu Nhuan TP.HCM,TP.HCM,Phu Nhuan,Phuong 1,Ca Mau,Ca Mau,Ward 5,,,,KV2,,THPT Nguyen Thuong Hien,16/10/2020,,11/1/2023,,CA Ca Mau,,,Tran Van Binh,Ky Thuat,Pham Thi Nga,Giao Vien,979012345,,,,phuong.tt@mail.com,,,TRAN THI PHUONG,Sacombank,Chi nhanh Phu Nhuan,9012345678,1,Vi?t Nam,THPT Nguyen Thuong Hien,,,,,,,https://filestorage-avatar.png,2025-07-07 15:29:56.754 +0700,2025-07-07 15:29:56.754 +0700,,,,,,,TRUE,2025-07-07 15:29:56.754 +0700,2025-07-07 15:29:56.754 +0700,2025-07-07 15:29:56.754 +0700,FALSE
49cd91f0-06e1-4936-9057-40cd482ef3e0,HS041,SBD041,41,SV041,BC041,Nguyen Van,Phuoc,1,10/3/2004,THPT Ngo Si Lien,Kinh,Thien Chua giao,999 Tran Hung Dao P.3 Q.5 TP.HCM,999 Tran Hung Dao P.3 Q.5 TP.HCM,TP.HCM,Quan 5,Phuong 3,Ha Noi,Ha Dong,Phuc La,,,,KV2-NT,,THPT Ngo Si Lien,5/1/2020,,26/6/2021,,CA Ha Noi,,,Nguyen Van Hau,Cong An,Do Thi Kim,Ke Toan,980123456,,,,phuoc.nv@mail.com,,,NGUYEN VAN PHUOC,ACB,Chi nhanh Quan 5,123456789,1,Vi?t Nam,THPT Ngo Si Lien,,,,,,,https://filestorage-avatar.png,2025-07-07 15:29:56.754 +0700,2025-07-07 15:29:56.754 +0700,,,,,,,TRUE,2025-07-07 15:29:56.754 +0700,2025-07-07 15:29:56.754 +0700,2025-07-07 15:29:56.754 +0700,FALSE
3f4538d5-21c0-4384-9d10-00615a1d9fd4,HS042,SBD042,42,SV042,BC042,Pham Thi,Yen,0,24/11/2005,THPT Le Loi,Kinh,Phat giao,11 Le Duan P.Ben Nghe Q.1 TP.HCM,11 Le Duan P.Ben Nghe Q.1 TP.HCM,TP.HCM,Quan 1,Ben Nghe,TP.HCM,Quan 1,Ben Nghe,,,,KV1,,THPT Le Loi,28/7/2020,,15/2/2023,,CA TP.HCM,,,Pham Van Thinh,Quan Ly,Le Thi Thu,Noi Tro,961234567,,,,yen.pt@mail.com,,,PHAM THI YEN,Eximbank,Chi nhanh Quan 1,1234567890,1,Vi?t Nam,THPT Le Loi,,,,,,,https://filestorage-avatar.png,2025-07-07 15:29:56.754 +0700,2025-07-07 15:29:56.754 +0700,,,,,,,TRUE,2025-07-07 15:29:56.754 +0700,2025-07-07 15:29:56.754 +0700,2025-07-07 15:29:56.754 +0700,FALSE
a00ebf3e-c15e-4ef7-a6d1-e20d98642c3e,HS043,SBD043,43,SV043,BC043,Hoang Van,Minh,1,17/5/2004,THPT Nguyen Thi Dinh,Dao,Khong,22 Nguyen Hue P.Ben Nghe Q.1 TP.HCM,22 Nguyen Hue P.Ben Nghe Q.1 TP.HCM,TP.HCM,Quan 1,Ben Nghe,TP.HCM,Quan 1,Ben Nghe,,,,KV3,,THPT Nguyen Thi Dinh,10/2/2020,,4/7/2021,,CA TP.HCM,,,Hoang Van Nam,Lao Dong,Tran Thi Lien,Ban Hang,903456789,,,,minh.hv@mail.com,,,HOANG VAN MINH,VietinBank,Chi nhanh Quan 1,2345678901,1,Vi?t Nam,THPT Nguyen Thi Dinh,,,,,,,https://filestorage-avatar.png,2025-07-07 15:29:56.754 +0700,2025-07-07 15:29:56.754 +0700,,,,,,,TRUE,2025-07-07 15:29:56.754 +0700,2025-07-07 15:29:56.754 +0700,2025-07-07 15:29:56.754 +0700,FALSE
143f4313-1c17-4066-a3bb-473f369c20d2,HS044,SBD044,44,SV044,BC044,Le Thi,Ngoc,0,3/9/2005,THPT Nguyen Hue,Kinh,Thien Chua giao,33 Le Loi P.Ben Nghe Q.1 TP.HCM,33 Le Loi P.Ben Nghe Q.1 TP.HCM,TP.HCM,Quan 1,Ben Nghe,Ha Noi,Ba Dinh,Giang Vo,,,,KV2,,THPT Nguyen Hue,23/6/2020,,20/9/2022,,CA Ha Noi,,,Le Van Tien,Giao Vien,Bui Thi Hoa,Buon Ban,914567890,,,,ngoc.lt@mail.com,,,LE THI NGOC,MBBank,Chi nhanh Quan 1,3456789012,1,Vi?t Nam,THPT Nguyen Hue,,,,,,,https://filestorage-avatar.png,2025-07-07 15:29:56.754 +0700,2025-07-07 15:29:56.754 +0700,,,,,,,TRUE,2025-07-07 15:29:56.754 +0700,2025-07-07 15:29:56.754 +0700,2025-07-07 15:29:56.754 +0700,FALSE
cc72e22b-396b-441a-80c5-26746483926a,HS045,SBD045,45,SV045,BC045,Trinh Van,Huy,1,16/12/2003,THPT Ngo Quyen,Kinh,Phat giao,44 Dong Khoi P.Ben Nghe Q.1 TP.HCM,44 Dong Khoi P.Ben Nghe Q.1 TP.HCM,TP.HCM,Quan 1,Ben Nghe,Nam Dinh,My Loc,My Thuan,,,,KV2-NT,,THPT Ngo Quyen,14/8/2019,,9/1/2023,,CA Nam Dinh,,,Trinh Van Cuong,Ky Su,Ho Thi Minh,Noi Tro,975678901,,,,huy.tv@mail.com,,,TRINH VAN HUY,VPBank,Chi nhanh Quan 1,4567890123,1,Vi?t Nam,THPT Ngo Quyen,,,,,,,https://filestorage-avatar.png,2025-07-07 15:29:56.754 +0700,2025-07-07 15:29:56.754 +0700,,,,,,,TRUE,2025-07-07 15:29:56.754 +0700,2025-07-07 15:29:56.754 +0700,2025-07-07 15:29:56.754 +0700,FALSE
af881d2b-27eb-4974-87ae-e3173aa7ef4e,HS046,SBD046,46,SV046,BC046,Bui Thi,Thuy,0,29/7/2005,THPT Nguyen Thi Dinh,Kinh,Khong,55 Pasteur P.Ben Nghe Q.1 TP.HCM,55 Pasteur P.Ben Nghe Q.1 TP.HCM,TP.HCM,Quan 1,Ben Nghe,Binh Dinh,An Nhon,Binh Dinh,,,,KV1,,THPT Nguyen Thi Dinh,7/11/2020,,3/4/2022,,CA Binh Dinh,,,Bui Van Chinh,Cong An,Nguyen Thi Ha,Ke Toan,986789012,,,,thuy.bt@mail.com,,,BUI THI THUY,Techcombank,Chi nhanh Quan 1,5678901234,1,Vi?t Nam,THPT Nguyen Thi Dinh,,,,,,,https://filestorage-avatar.png,2025-07-07 15:29:56.754 +0700,2025-07-07 15:29:56.754 +0700,,,,,,,TRUE,2025-07-07 15:29:56.754 +0700,2025-07-07 15:29:56.754 +0700,2025-07-07 15:29:56.754 +0700,FALSE
77205347-b8f6-4355-9e8f-4ad8aa01c872,HS047,SBD047,47,SV047,BC047,Do Van,Minh,1,11/2/2004,THPT Le Quy Don,Kinh,Thien Chua giao,66 Han Thuyen P.Ben Nghe Q.1 TP.HCM,66 Han Thuyen P.Ben Nghe Q.1 TP.HCM,TP.HCM,Quan 1,Ben Nghe,Hue,Thuan An,Thuan An,,,,KV3,,THPT Le Quy Don,20/1/2020,,27/11/2021,,CA Hue,,,Do Van Chung,Bo Doi,Tran Thi Mai,Ban Hang,967890123,,,,minh.dv@mail.com,,,DO VAN MINH,Sacombank,Chi nhanh Quan 1,6789012345,1,Vi?t Nam,THPT Le Quy Don,,,,,,,https://filestorage-avatar.png,2025-07-07 15:29:56.754 +0700,2025-07-07 15:29:56.754 +0700,,,,,,,TRUE,2025-07-07 15:29:56.754 +0700,2025-07-07 15:29:56.754 +0700,2025-07-07 15:29:56.754 +0700,FALSE
c56f4f79-4881-49e9-8ec8-016b3f8741cf,HS048,SBD048,48,SV048,BC048,Le Thi,Ha,0,4/8/2003,THPT Phan Chu Trinh,Kinh,Phat giao,77 Cong Xa Paris P.Ben Nghe Q.1 TP.HCM,77 Cong Xa Paris P.Ben Nghe Q.1 TP.HCM,TP.HCM,Quan 1,Ben Nghe,Quang Nam,Tam Ky,Phuoc Hoa,,,,KV2,,THPT Phan Chu Trinh,13/5/2020,,10/2/2023,,CA Quang Nam,,,Le Van Khanh,Lao Dong,Pham Thi Ngoc,Noi Tro,908901234,,,,ha.lt@mail.com,,,LE THI HA,ACB,Chi nhanh Quan 1,7890123456,1,Vi?t Nam,THPT Phan Chu Trinh,,,,,,,https://filestorage-avatar.png,2025-07-07 15:29:56.754 +0700,2025-07-07 15:29:56.754 +0700,,,,,,,TRUE,2025-07-07 15:29:56.754 +0700,2025-07-07 15:29:56.754 +0700,2025-07-07 15:29:56.754 +0700,FALSE
9f7ef659-41ab-439e-bb35-91c0d7c86555,HS049,SBD049,49,SV049,BC049,Tran Van,Thien,1,22/10/2005,THPT Nguyen Thi Minh Khai,Kinh,Khong,88 Nam Ky Khoi Nghia P.Ben Nghe Q.1 TP.HCM,88 Nam Ky Khoi Nghia P.Ben Nghe Q.1 TP.HCM,TP.HCM,Quan 1,Ben Nghe,TP.HCM,Tan Phu,Tan Quy,,,,KV2-NT,,THPT Nguyen Thi Minh Khai,6/9/2020,,4/5/2022,,CA TP.HCM,,,Tran Van Chinh,Giao Vien,Ho Thi Ly,Ke Toan,917890123,,,,thien.tv@mail.com,,,TRAN VAN THIEN,Eximbank,Chi nhanh Quan 1,8901234567,1,Vi?t Nam,THPT Nguyen Thi Minh Khai,,,,,,,https://filestorage-avatar.png,2025-07-07 15:29:56.754 +0700,2025-07-07 15:29:56.754 +0700,,,,,,,TRUE,2025-07-07 15:29:56.754 +0700,2025-07-07 15:29:56.754 +0700,2025-07-07 15:29:56.754 +0700,FALSE
5bd4ef59-69f8-4ccf-ae5a-31643c46d0bb,HS050,SBD050,50,SV050,BC050,Vu Thi,Loan,0,15/4/2004,THPT Ngo Gia Tu,Kinh,Thien Chua giao,99 Nguyen Thi Minh Khai P.Pham Ngu Lao Q.1 TP.HCM,99 Nguyen Thi Minh Khai P.Pham Ngu Lao Q.1 TP.HCM,TP.HCM,Quan 1,Pham Ngu Lao,Hai Phong,Hong Bang,Bach Dang,,,,KV1,,THPT Ngo Gia Tu,29/12/2019,,28/11/2021,,CA Hai Phong,,,Vu Van Truong,Ky Su,Do Thi Minh,Buon Ban,979012345,,,,loan.vt@mail.com,,,VU THI LOAN,VietinBank,Chi nhanh Quan 1,9012345678,1,Vi?t Nam,THPT Ngo Gia Tu,,,,,,,https://filestorage-avatar.png,2025-07-07 15:29:56.754 +0700,2025-07-07 15:29:56.754 +0700,,,,,,,TRUE,2025-07-07 15:29:56.754 +0700,2025-07-07 15:29:56.754 +0700,2025-07-07 15:29:56.754 +0700,FALSE
6f1c4b71-b3c0-4208-a28c-234dfe073dd2,HS051,SBD051,51,SV051,BC051,Phan Van,Anh,1,1/6/2005,THPT Nguyen Khuyen,Kinh,Phat giao,150 Nguyen Thai Hoc P.Cau Ong Lanh Q.1 TP.HCM,150 Nguyen Thai Hoc P.Cau Ong Lanh Q.1 TP.HCM,TP.HCM,Quan 1,Cau Ong Lanh,Hai Duong,Chi Linh,Sao Do,,,,KV3,,THPT Nguyen Khuyen,11/3/2020,,17/8/2022,,CA Hai Duong,,,Phan Van Long,Cong Nhan,Le Thi Duyen,Noi Tro,980123456,,,,anh.pv@mail.com,,,PHAN VAN ANH,MBBank,Chi nhanh Quan 1,123456789,1,Vi?t Nam,THPT Nguyen Khuyen,,,,,,,https://filestorage-avatar.png,2025-07-07 15:29:56.754 +0700,2025-07-07 15:29:56.754 +0700,,,,,,,TRUE,2025-07-07 15:29:56.754 +0700,2025-07-07 15:29:56.754 +0700,2025-07-07 15:29:56.754 +0700,FALSE
aa02cb5a-13fc-45a2-9625-6d420b3d32a7,HS052,SBD052,52,SV052,BC052,Le Thi,Tram,0,20/8/2004,THPT Vo Thi Sau,Kinh,Khong,200 Hai Ba Trung P.Da Kao Q.1 TP.HCM,200 Hai Ba Trung P.Da Kao Q.1 TP.HCM,TP.HCM,Quan 1,Da Kao,Quang Tri,Dong Ha,Ward 1,,,,KV2,,THPT Vo Thi Sau,24/5/2020,,6/3/2021,,CA Quang Tri,,,Le Van Tien,Giao Vien,Do Thi Lan,Ke Toan,961234567,,,,tram.lt@mail.com,,,LE THI TRAM,VPBank,Chi nhanh Quan 1,1234567890,1,Vi?t Nam,THPT Vo Thi Sau,,,,,,,https://filestorage-avatar.png,2025-07-07 15:29:56.754 +0700,2025-07-07 15:29:56.754 +0700,,,,,,,TRUE,2025-07-07 15:29:56.754 +0700,2025-07-07 15:29:56.754 +0700,2025-07-07 15:29:56.754 +0700,FALSE
db2c11a6-1cc0-4f0a-a6e6-9d51d4f7b5e0,HS053,SBD053,53,SV053,BC053,Nguyen Minh,Tri,1,14/12/2003,THPT Tran Quy Cap,Kinh,Thien Chua giao,300 Nam Ky Khoi Nghia P.Da Kao Q.1 TP.HCM,300 Nam Ky Khoi Nghia P.Da Kao Q.1 TP.HCM,TP.HCM,Quan 1,Da Kao,Quang Nam,Hoi An,Cua Dai,,,,KV2-NT,,THPT Tran Quy Cap,17/10/2019,,21/9/2022,,CA Quang Nam,,,Nguyen Van Dung,Quan Nhan,Tran Thi Mai,Ban Hang,903456789,,,,tri.nm@mail.com,,,NGUYEN MINH TRI,Techcombank,Chi nhanh Quan 1,2345678901,1,Vi?t Nam,THPT Tran Quy Cap,,,,,,,https://filestorage-avatar.png,2025-07-07 15:29:56.754 +0700,2025-07-07 15:29:56.754 +0700,,,,,,,TRUE,2025-07-07 15:29:56.754 +0700,2025-07-07 15:29:56.754 +0700,2025-07-07 15:29:56.754 +0700,FALSE
c8f1e7a3-0878-4e43-a0d2-2f74533f028e,HS054,SBD054,54,SV054,BC054,Tran Thi,Ngoc,0,8/2/2005,THPT Nguyen Du,Kinh,Phat giao,400 Le Duan P.Ben Nghe Q.1 TP.HCM,400 Le Duan P.Ben Nghe Q.1 TP.HCM,TP.HCM,Quan 1,Ben Nghe,Gia Lai,Pleiku,Thang Loi,,,,KV1,,THPT Nguyen Du,9/1/2020,,10/4/2021,,CA Gia Lai,,,Tran Van Chinh,Ky Su,Ho Thi Lan,Noi Tro,914567890,,,,ngoc.tt@mail.com,,,TRAN THI NGOC,Sacombank,Chi nhanh Quan 1,3456789012,1,Vi?t Nam,THPT Nguyen Du,,,,,,,https://filestorage-avatar.png,2025-07-07 15:29:56.754 +0700,2025-07-07 15:29:56.754 +0700,,,,,,,TRUE,2025-07-07 15:29:56.754 +0700,2025-07-07 15:29:56.754 +0700,2025-07-07 15:29:56.754 +0700,FALSE
d8d993b7-7c93-4ff9-b38b-1432d1991992,HS055,SBD055,55,SV055,BC055,Ho Van,Duy,1,26/5/2004,THPT Gia Dinh,Kinh,Khong,500 Nguyen Hue P.Ben Nghe Q.1 TP.HCM,500 Nguyen Hue P.Ben Nghe Q.1 TP.HCM,TP.HCM,Quan 1,Ben Nghe,Lam Dong,Da Lat,Ward 1,,,,KV3,,THPT Gia Dinh,22/6/2020,,25/11/2022,,CA Lam Dong,,,Ho Van Hiep,Lao Dong,Nguyen Thi Hanh,Ke Toan,975678901,,,,duy.hv@mail.com,,,HO VAN DUY,ACB,Chi nhanh Quan 1,4567890123,1,Vi?t Nam,THPT Gia Dinh,,,,,,,https://filestorage-avatar.png,2025-07-07 15:29:56.754 +0700,2025-07-07 15:29:56.754 +0700,,,,,,,TRUE,2025-07-07 15:29:56.754 +0700,2025-07-07 15:29:56.754 +0700,2025-07-07 15:29:56.754 +0700,FALSE
7a7983ec-0289-4f0c-9604-1c0cf39125fa,HS056,SBD056,56,SV056,BC056,Nguyen Thi,Thuy,0,11/11/2003,THPT Tran Hung Dao,Kinh,Thien Chua giao,600 Dong Khoi P.Ben Nghe Q.1 TP.HCM,600 Dong Khoi P.Ben Nghe Q.1 TP.HCM,TP.HCM,Quan 1,Ben Nghe,Dong Nai,Long Khanh,Xuan Lap,,,,KV2,,THPT Tran Hung Dao,15/7/2019,,14/8/2021,,CA Dong Nai,,,Nguyen Van Tien,Giao Vien,Pham Thi Huong,Buon Ban,986789012,,,,thuy.nt@mail.com,,,NGUYEN THI THUY,Eximbank,Chi nhanh Quan 1,5678901234,1,Vi?t Nam,THPT Tran Hung Dao,,,,,,,https://filestorage-avatar.png,2025-07-07 15:29:56.754 +0700,2025-07-07 15:29:56.754 +0700,,,,,,,TRUE,2025-07-07 15:29:56.754 +0700,2025-07-07 15:29:56.754 +0700,2025-07-07 15:29:56.754 +0700,FALSE
6ff3b185-f589-4b48-98b2-d4a95e0dfab3,HS057,SBD057,57,SV057,BC057,Tran Van,Bao,1,23/3/2005,THPT Nguyen Thi Dinh,Kinh,Phat giao,700 Ly Tu Trong P.Ben Thanh Q.1 TP.HCM,700 Ly Tu Trong P.Ben Thanh Q.1 TP.HCM,TP.HCM,Quan 1,Ben Thanh,Binh Duong,Thuan An,Lai Thieu,,,,KV2-NT,,THPT Nguyen Thi Dinh,8/4/2020,,3/1/2023,,CA Binh Duong,,,Tran Van Long,Quan Ly,Le Thi Lieu,Noi Tro,967890123,,,,bao.tv@mail.com,,,TRAN VAN BAO,VietinBank,Chi nhanh Quan 1,6789012345,1,Vi?t Nam,THPT Nguyen Thi Dinh,,,,,,,https://filestorage-avatar.png,2025-07-07 15:29:56.754 +0700,2025-07-07 15:29:56.754 +0700,,,,,,,TRUE,2025-07-07 15:29:56.754 +0700,2025-07-07 15:29:56.754 +0700,2025-07-07 15:29:56.754 +0700,FALSE
78d27fd5-3556-4db8-8001-f234fd40822f,HS058,SBD058,58,SV058,BC058,Le Thi,Hang,0,7/9/2004,THPT Nguyen Khuyen,Kinh,Khong,800 Le Thanh Ton P.Ben Thanh Q.1 TP.HCM,800 Le Thanh Ton P.Ben Thanh Q.1 TP.HCM,TP.HCM,Quan 1,Ben Thanh,Can Tho,Cai Rang,Le Binh,,,,KV1,,THPT Nguyen Khuyen,21/11/2020,,27/4/2022,,CA Can Tho,,,Le Van Tam,Lao Dong,Pham Thi Minh,Ke Toan,908901234,,,,hang.lt@mail.com,,,LE THI HANG,MBBank,Chi nhanh Quan 1,7890123456,1,Vi?t Nam,THPT Nguyen Khuyen,,,,,,,https://filestorage-avatar.png,2025-07-07 15:29:56.754 +0700,2025-07-07 15:29:56.754 +0700,,,,,,,TRUE,2025-07-07 15:29:56.754 +0700,2025-07-07 15:29:56.754 +0700,2025-07-07 15:29:56.754 +0700,FALSE
0f8b99c2-4d3e-4e31-b5bb-bb3bc33b4ad3,HS059,SBD059,59,SV059,BC059,Ho Van,Hung,1,30/12/2003,THPT Nguyen Tat Thanh,Kinh,Thien Chua giao,900 Truong Dinh P.Ben Thanh Q.1 TP.HCM,900 Truong Dinh P.Ben Thanh Q.1 TP.HCM,TP.HCM,Quan 1,Ben Thanh,Vinh Long,Binh Minh,Cai Von,,,,KV3,,THPT Nguyen Tat Thanh,14/1/2020,,16/10/2021,,CA Vinh Long,,,Ho Van Phuc,Cong An,Nguyen Thi Xuan,Ban Hang,917890123,,,,hung.hv@mail.com,,,HO VAN HUNG,VPBank,Chi nhanh Quan 1,8901234567,1,Vi?t Nam,THPT Nguyen Tat Thanh,,,,,,,https://filestorage-avatar.png,2025-07-07 15:29:56.754 +0700,2025-07-07 15:29:56.754 +0700,,,,,,,TRUE,2025-07-07 15:29:56.754 +0700,2025-07-07 15:29:56.754 +0700,2025-07-07 15:29:56.754 +0700,FALSE
8ac05423-392f-4d9c-8b1d-b3495a1264c8,HS060,SBD060,60,SV060,BC060,Pham Thi,Yen,0,18/5/2005,THPT Nguyen Thi Dinh,Kinh,Phat giao,100 Huynh Thuc Khang P.Ben Nghe Q.1 TP.HCM,100 Huynh Thuc Khang P.Ben Nghe Q.1 TP.HCM,TP.HCM,Quan 1,Ben Nghe,Hau Giang,Vi Thanh,Ward 4,,,,KV2,,THPT Nguyen Thi Dinh,8/3/2020,,5/3/2023,,CA Hau Giang,,,Pham Van Hoang,Ky Thuat,Tran Thi Thu,Noi Tro,979012345,,,,yen.pt@mail.com,,,PHAM THI YEN,Techcombank,Chi nhanh Quan 1,9012345678,1,Vi?t Nam,THPT Nguyen Thi Dinh,,,,,,,https://filestorage-avatar.png,2025-07-07 15:29:56.754 +0700,2025-07-07 15:29:56.754 +0700,,,,,,,TRUE,2025-07-07 15:29:56.754 +0700,2025-07-07 15:29:56.754 +0700,2025-07-07 15:29:56.754 +0700,FALSE
6a9981a3-d61a-4635-9c58-8f254c376bcd,HS061,SBD061,61,SV061,BC061,Nguyen Van,Hao,1,2/11/2004,THPT Nguyen Chi Thanh,Kinh,Khong,200 Nguyen Thi Minh Khai P.Ben Thanh Q.1 TP.HCM,200 Nguyen Thi Minh Khai P.Ben Thanh Q.1 TP.HCM,TP.HCM,Quan 1,Ben Thanh,Tra Vinh,Tra Vinh,Ward 7,,,,KV2-NT,,THPT Nguyen Chi Thanh,21/9/2020,,20/7/2022,,CA Tra Vinh,,,Nguyen Van Lam,Lao Dong,Do Thi Huyen,Ke Toan,980123456,,,,hao.nv@mail.com,,,NGUYEN VAN HAO,Sacombank,Chi nhanh Quan 1,123456789,1,Vi?t Nam,THPT Nguyen Chi Thanh,,,,,,,https://filestorage-avatar.png,2025-07-07 15:29:56.754 +0700,2025-07-07 15:29:56.754 +0700,,,,,,,TRUE,2025-07-07 15:29:56.754 +0700,2025-07-07 15:29:56.754 +0700,2025-07-07 15:29:56.754 +0700,FALSE
3f6bce93-4307-42ed-b58b-bb0c9e109469,HS062,SBD062,62,SV062,BC062,Tran Thi,Thanh,0,25/7/2003,THPT Le Hong Phong,Kinh,Thien Chua giao,300 Tran Hung Dao P.Cau Ong Lanh Q.1 TP.HCM,300 Tran Hung Dao P.Cau Ong Lanh Q.1 TP.HCM,TP.HCM,Quan 1,Cau Ong Lanh,Bac Giang,Luc Nam,Doi Ngo,,,,KV1,,THPT Le Hong Phong,14/12/2019,,9/4/2021,,CA Bac Giang,,,Tran Van Binh,Bo Doi,Phan Thi Hoa,Ban Hang,961234567,,,,thanh.tt@mail.com,,,TRAN THI THANH,ACB,Chi nhanh Quan 1,1234567890,1,Vi?t Nam,THPT Le Hong Phong,,,,,,,https://filestorage-avatar.png,2025-07-07 15:29:56.754 +0700,2025-07-07 15:29:56.754 +0700,,,,,,,TRUE,2025-07-07 15:29:56.754 +0700,2025-07-07 15:29:56.754 +0700,2025-07-07 15:29:56.754 +0700,FALSE
05c4431a-0c9f-40f2-a38b-838f9442f196,HS063,SBD063,63,SV063,BC063,Le Van,Thang,1,9/1/2005,THPT Marie Curie,Kinh,Phat giao,400 Nguyen Thai Hoc P.Cau Ong Lanh Q.1 TP.HCM,400 Nguyen Thai Hoc P.Cau Ong Lanh Q.1 TP.HCM,TP.HCM,Quan 1,Cau Ong Lanh,Phu Tho,Viet Tri,Gia Cam,,,,KV3,,THPT Marie Curie,3/5/2020,,24/11/2022,,CA Phu Tho,,,Le Van Cong,Quan Ly,Bui Thi Thuy,Noi Tro,903456789,,,,thang.lv@mail.com,,,LE VAN THANG,Eximbank,Chi nhanh Quan 1,2345678901,1,Vi?t Nam,THPT Marie Curie,,,,,,,https://filestorage-avatar.png,2025-07-07 15:29:56.754 +0700,2025-07-07 15:29:56.754 +0700,,,,,,,TRUE,2025-07-07 15:29:56.754 +0700,2025-07-07 15:29:56.754 +0700,2025-07-07 15:29:56.754 +0700,FALSE
b2ac891d-112c-44e4-95cf-dde5a83a9853,HS064,SBD064,64,SV064,BC064,Pham Thi,Dieu,0,28/11/2004,THPT Nguyen Hien,Kinh,Khong,500 Calmette P.Cau Ong Lanh Q.1 TP.HCM,500 Calmette P.Cau Ong Lanh Q.1 TP.HCM,TP.HCM,Quan 1,Cau Ong Lanh,Yen Bai,Yen Bai,Dong Tam,,,,KV2,,THPT Nguyen Hien,16/10/2020,,13/5/2021,,CA Yen Bai,,,Pham Van Truong,Ky Su,Tran Thi Yen,Ke Toan,914567890,,,,dieu.pt@mail.com,,,PHAM THI DIEU,VietinBank,Chi nhanh Quan 1,3456789012,1,Vi?t Nam,THPT Nguyen Hien,,,,,,,https://filestorage-avatar.png,2025-07-07 15:29:56.754 +0700,2025-07-07 15:29:56.754 +0700,,,,,,,TRUE,2025-07-07 15:29:56.754 +0700,2025-07-07 15:29:56.754 +0700,2025-07-07 15:29:56.754 +0700,FALSE
e89c3736-35fd-4df7-b8a0-3cb597645017,HS065,SBD065,65,SV065,BC065,Do Van,Khoa,1,13/4/2004,THPT Le Minh Xuan,Kinh,Thien Chua giao,100 Vo Van Kiet P.Cau Ong Lanh Q.1 TP.HCM,100 Vo Van Kiet P.Cau Ong Lanh Q.1 TP.HCM,TP.HCM,Quan 1,Cau Ong Lanh,Ha Giang,Ha Giang,Nguyen Trai,,,,KV2-NT,,THPT Le Minh Xuan,9/1/2020,,2/2/2023,,CA Ha Giang,,,Do Van Hung,Cong Nhan,Ho Thi Lien,Buon Ban,975678901,,,,khoa.dv@mail.com,,,DO VAN KHOA,MBBank,Chi nhanh Quan 1,4567890123,1,Vi?t Nam,THPT Le Minh Xuan,,,,,,,https://filestorage-avatar.png,2025-07-07 15:29:56.754 +0700,2025-07-07 15:29:56.754 +0700,,,,,,,TRUE,2025-07-07 15:29:56.754 +0700,2025-07-07 15:29:56.754 +0700,2025-07-07 15:29:56.754 +0700,FALSE
8eeab28e-616e-462a-90bc-ea01f77fa12a,HS066,SBD066,66,SV066,BC066,Tran Thi,Loan,0,2/9/2005,THPT Nguyen Thi Dinh,Kinh,Phat giao,200 Nguyen Cong Tru P.Nguyen Thai Binh Q.1 TP.HCM,200 Nguyen Cong Tru P.Nguyen Thai Binh Q.1 TP.HCM,TP.HCM,Quan 1,Nguyen Thai Binh,Cao Bang,Cao Bang,Hop Giang,,,,KV1,,THPT Nguyen Thi Dinh,22/7/2020,,27/8/2021,,CA Cao Bang,,,Tran Van Dat,Quan Ly,Le Thi Thuy,Noi Tro,986789012,,,,loan.tt@mail.com,,,TRAN THI LOAN,VPBank,Chi nhanh Quan 1,5678901234,1,Vi?t Nam,THPT Nguyen Thi Dinh,,,,,,,https://filestorage-avatar.png,2025-07-07 15:29:56.754 +0700,2025-07-07 15:29:56.754 +0700,,,,,,,TRUE,2025-07-07 15:29:56.754 +0700,2025-07-07 15:29:56.754 +0700,2025-07-07 15:29:56.754 +0700,FALSE
d7345fe0-6bd5-4e99-a942-27d1dc7c013f,HS067,SBD067,67,SV067,BC067,Nguyen Van,Linh,1,17/1/2004,THPT Tran Quy Cap,Kinh,Khong,300 Nam Ky Khoi Nghia P.Nguyen Thai Binh Q.1 TP.HCM,300 Nam Ky Khoi Nghia P.Nguyen Thai Binh Q.1 TP.HCM,TP.HCM,Quan 1,Nguyen Thai Binh,Lang Son,Lang Son,Hoang Van Thu,,,,KV3,,THPT Tran Quy Cap,15/2/2020,,16/11/2022,,CA Lang Son,,,Nguyen Van Tien,Lao Dong,Pham Thi Sam,Ke Toan,967890123,,,,linh.nv@mail.com,,,NGUYEN VAN LINH,Techcombank,Chi nhanh Quan 1,6789012345,1,Vi?t Nam,THPT Tran Quy Cap,,,,,,,https://filestorage-avatar.png,2025-07-07 15:29:56.754 +0700,2025-07-07 15:29:56.754 +0700,,,,,,,TRUE,2025-07-07 15:29:56.754 +0700,2025-07-07 15:29:56.754 +0700,2025-07-07 15:29:56.754 +0700,FALSE
a308270e-0e5f-4987-8c3f-97d95b54d9e6,HS068,SBD068,68,SV068,BC068,Phan Thi,Hong,0,6/10/2005,THPT Nguyen Du,Kinh,Thien Chua giao,400 Nguyen Thai Hoc P.Cau Ong Lanh Q.1 TP.HCM,400 Nguyen Thai Hoc P.Cau Ong Lanh Q.1 TP.HCM,TP.HCM,Quan 1,Cau Ong Lanh,Son La,Son La,Quyet Thang,,,,KV2,,THPT Nguyen Du,28/8/2020,,5/3/2021,,CA Son La,,,Phan Van Tuan,Ky Thuat,Do Thi Hai,Ban Hang,908901234,,,,hong.pt@mail.com,,,PHAN THI HONG,Sacombank,Chi nhanh Quan 1,7890123456,1,Vi?t Nam,THPT Nguyen Du,,,,,,,https://filestorage-avatar.png,2025-07-07 15:29:56.754 +0700,2025-07-07 15:29:56.754 +0700,,,,,,,TRUE,2025-07-07 15:29:56.754 +0700,2025-07-07 15:29:56.754 +0700,2025-07-07 15:29:56.754 +0700,FALSE
46434d28-1a17-41ce-928b-8f7c8f9a7a88,HS069,SBD069,69,SV069,BC069,Vo Van,Nhat,1,21/3/2004,THPT Nguyen Du,Kinh,Phat giao,500 Nguyen Thai Hoc P.Cau Ong Lanh Q.1 TP.HCM,500 Nguyen Thai Hoc P.Cau Ong Lanh Q.1 TP.HCM,TP.HCM,Quan 1,Cau Ong Lanh,Lai Chau,Lai Chau,Tan Phong,,,,KV2-NT,,THPT Nguyen Du,11/4/2020,,29/11/2022,,CA Lai Chau,,,Vo Van Hung,Cong An,Le Thi Lieu,Noi Tro,917890123,,,,nhat.vv@mail.com,,,VO VAN NHAT,ACB,Chi nhanh Quan 1,8901234567,1,Vi?t Nam,THPT Nguyen Du,,,,,,,https://filestorage-avatar.png,2025-07-07 15:29:56.754 +0700,2025-07-07 15:29:56.754 +0700,,,,,,,TRUE,2025-07-07 15:29:56.754 +0700,2025-07-07 15:29:56.754 +0700,2025-07-07 15:29:56.754 +0700,FALSE
94204557-b96c-4c57-8a5d-820c837ebeb0,HS070,SBD070,70,SV070,BC070,Bui Thi,Diep,0,5/12/2003,THPT Ngo Quyen,Kinh,Khong,600 Nguyen Thai Hoc P.Cau Ong Lanh Q.1 TP.HCM,600 Nguyen Thai Hoc P.Cau Ong Lanh Q.1 TP.HCM,TP.HCM,Quan 1,Cau Ong Lanh,Dien Bien,Dien Bien Phu,Tan Thanh,,,,KV1,,THPT Ngo Quyen,24/9/2019,,18/8/2021,,CA Dien Bien,,,Bui Van Dat,Quan Ly,Tran Thi Loan,Ke Toan,979012345,,,,diep.bt@mail.com,,,BUI THI DIEP,Eximbank,Chi nhanh Quan 1,9012345678,1,Vi?t Nam,THPT Ngo Quyen,,,,,,,https://filestorage-avatar.png,2025-07-07 15:29:56.754 +0700,2025-07-07 15:29:56.754 +0700,,,,,,,TRUE,2025-07-07 15:29:56.754 +0700,2025-07-07 15:29:56.754 +0700,2025-07-07 15:29:56.754 +0700,FALSE
a8fdb12b-4c99-43e5-890e-04ab5b8c648e,HS071,SBD071,71,SV071,BC071,Nguyen Van,Kha,1,16/6/2005,THPT Nguyen Thuong Hien,Kinh,Thien Chua giao,700 Nguyen Thai Hoc P.Cau Ong Lanh Q.1 TP.HCM,700 Nguyen Thai Hoc P.Cau Ong Lanh Q.1 TP.HCM,TP.HCM,Quan 1,Cau Ong Lanh,Hoa Binh,Hoa Binh,Phuong Thinh,,,,KV3,,THPT Nguyen Thuong Hien,17/1/2020,,7/3/2023,,CA Hoa Binh,,,Nguyen Van Tan,Lao Dong,Pham Thi Hoa,Ban Hang,980123456,,,,kha.nv@mail.com,,,NGUYEN VAN KHA,VietinBank,Chi nhanh Quan 1,123456789,1,Vi?t Nam,THPT Nguyen Thuong Hien,,,,,,,https://filestorage-avatar.png,2025-07-07 15:29:56.754 +0700,2025-07-07 15:29:56.754 +0700,,,,,,,TRUE,2025-07-07 15:29:56.754 +0700,2025-07-07 15:29:56.754 +0700,2025-07-07 15:29:56.754 +0700,FALSE
2b5a6049-d1ac-463e-8c82-d5cd8fe2b171,HS072,SBD072,72,SV072,BC072,Tran Thi,Loan,0,4/3/2004,THPT Le Quy Don,Kinh,Phat giao,800 Nguyen Thai Hoc P.Cau Ong Lanh Q.1 TP.HCM,800 Nguyen Thai Hoc P.Cau Ong Lanh Q.1 TP.HCM,TP.HCM,Quan 1,Cau Ong Lanh,Bac Kan,Bac Kan,Duc Xuan,,,,KV2,,THPT Le Quy Don,10/6/2020,,22/10/2021,,CA Bac Kan,,,Tran Van Duc,Ky Su,Do Thi Yen,Noi Tro,961234567,,,,loan.tt@mail.com,,,TRAN THI LOAN,MBBank,Chi nhanh Quan 1,1234567890,1,Vi?t Nam,THPT Le Quy Don,,,,,,,https://filestorage-avatar.png,2025-07-07 15:29:56.754 +0700,2025-07-07 15:29:56.754 +0700,,,,,,,TRUE,2025-07-07 15:29:56.754 +0700,2025-07-07 15:29:56.754 +0700,2025-07-07 15:29:56.754 +0700,FALSE
63d05d6f-9e0b-4de6-8ef5-5b00467db316,HS073,SBD073,73,SV073,BC073,Le Van,Thang,1,28/8/2005,THPT Nguyen Khuyen,Kinh,Khong,900 Nguyen Thai Hoc P.Cau Ong Lanh Q.1 TP.HCM,900 Nguyen Thai Hoc P.Cau Ong Lanh Q.1 TP.HCM,TP.HCM,Quan 1,Cau Ong Lanh,Tuyen Quang,Tuyen Quang,Phan Thiet,,,,KV2-NT,,THPT Nguyen Khuyen,3/12/2019,,11/4/2023,,CA Tuyen Quang,,,Le Van Chinh,Quan Ly,Nguyen Thi Minh,Ke Toan,903456789,,,,thang.lv@mail.com,,,LE VAN THANG,VPBank,Chi nhanh Quan 1,2345678901,1,Vi?t Nam,THPT Nguyen Khuyen,,,,,,,https://filestorage-avatar.png,2025-07-07 15:29:56.754 +0700,2025-07-07 15:29:56.754 +0700,,,,,,,TRUE,2025-07-07 15:29:56.754 +0700,2025-07-07 15:29:56.754 +0700,2025-07-07 15:29:56.754 +0700,FALSE
874dc9b5-72cf-443f-8850-91b4a2a20852,HS074,SBD074,74,SV074,BC074,Pham Thi,Thuy,0,15/2/2004,THPT Vo Thi Sau,Kinh,Thien Chua giao,1000 Nguyen Thai Hoc P.Cau Ong Lanh Q.1 TP.HCM,1000 Nguyen Thai Hoc P.Cau Ong Lanh Q.1 TP.HCM,TP.HCM,Quan 1,Cau Ong Lanh,Cao Bang,Thong Nong,Thong Huu,,,,KV1,,THPT Vo Thi Sau,16/5/2020,,30/9/2021,,CA Cao Bang,,,Pham Van Hoang,Lao Dong,Tran Thi Mai,Ban Hang,914567890,,,,thuy.pt@mail.com,,,PHAM THI THUY,Techcombank,Chi nhanh Quan 1,3456789012,1,Vi?t Nam,THPT Vo Thi Sau,,,,,,,https://filestorage-avatar.png,2025-07-07 15:29:56.754 +0700,2025-07-07 15:29:56.754 +0700,,,,,,,TRUE,2025-07-07 15:29:56.754 +0700,2025-07-07 15:29:56.754 +0700,2025-07-07 15:29:56.754 +0700,FALSE
ad6703c2-e927-4a77-bd84-0dcbe4f9ac37,HS075,SBD075,75,SV075,BC075,Do Van,Chien,1,1/7/2005,THPT Tran Quy Cap,Kinh,Phat giao,1100 Nguyen Thai Hoc P.Cau Ong Lanh Q.1 TP.HCM,1100 Nguyen Thai Hoc P.Cau Ong Lanh Q.1 TP.HCM,TP.HCM,Quan 1,Cau Ong Lanh,Quang Binh,Dong Hoi,Phu Hai,,,,KV3,,THPT Tran Quy Cap,8/10/2020,,19/2/2023,,CA Quang Binh,,,Do Van Minh,Cong An,Ho Thi Sam,Noi Tro,975678901,,,,chien.dv@mail.com,,,DO VAN CHIEN,Sacombank,Chi nhanh Quan 1,4567890123,1,Vi?t Nam,THPT Tran Quy Cap,,,,,,,https://filestorage-avatar.png,2025-07-07 15:29:56.754 +0700,2025-07-07 15:29:56.754 +0700,,,,,,,TRUE,2025-07-07 15:29:56.754 +0700,2025-07-07 15:29:56.754 +0700,2025-07-07 15:29:56.754 +0700,FALSE
3a505bf3-d99c-4c97-818a-f1cd801276eb,HS076,SBD076,76,SV076,BC076,Nguyen Thi,Tuyet,0,20/4/2004,THPT Nguyen Du,Kinh,Khong,1200 Nguyen Thai Hoc P.Cau Ong Lanh Q.1 TP.HCM,1200 Nguyen Thai Hoc P.Cau Ong Lanh Q.1 TP.HCM,TP.HCM,Quan 1,Cau Ong Lanh,Quang Tri,Dong Ha,Ward 2,,,,KV2,,THPT Nguyen Du,22/1/2020,,8/7/2022,,CA Quang Tri,,,Nguyen Van Loc,Ky Su,Tran Thi Diep,Ke Toan,986789012,,,,tuyet.nt@mail.com,,,NGUYEN THI TUYET,ACB,Chi nhanh Quan 1,5678901234,1,Vi?t Nam,THPT Nguyen Du,,,,,,,https://filestorage-avatar.png,2025-07-07 15:29:56.754 +0700,2025-07-07 15:29:56.754 +0700,,,,,,,TRUE,2025-07-07 15:29:56.754 +0700,2025-07-07 15:29:56.754 +0700,2025-07-07 15:29:56.754 +0700,FALSE
1d5101d8-1091-4d59-9d99-23d471e32141,HS077,SBD077,77,SV077,BC077,Tran Van,Thinh,1,6/11/2005,THPT Gia Dinh,Kinh,Thien Chua giao,1300 Nguyen Thai Hoc P.Cau Ong Lanh Q.1 TP.HCM,1300 Nguyen Thai Hoc P.Cau Ong Lanh Q.1 TP.HCM,TP.HCM,Quan 1,Cau Ong Lanh,Quang Nam,Hoi An,Cam Ha,,,,KV2-NT,,THPT Gia Dinh,15/6/2020,,23/11/2021,,CA Quang Nam,,,Tran Van Binh,Quan Ly,Le Thi Lieu,Ban Hang,967890123,,,,thinh.tv@mail.com,,,TRAN VAN THINH,Eximbank,Chi nhanh Quan 1,6789012345,1,Vi?t Nam,THPT Gia Dinh,,,,,,,https://filestorage-avatar.png,2025-07-07 15:29:56.754 +0700,2025-07-07 15:29:56.754 +0700,,,,,,,TRUE,2025-07-07 15:29:56.754 +0700,2025-07-07 15:29:56.754 +0700,2025-07-07 15:29:56.754 +0700,FALSE
8d6b3987-6e65-44e2-a62f-0b95ddcc872b,HS078,SBD078,78,SV078,BC078,Le Thi,Minh,0,29/1/2004,THPT Hung Vuong,Kinh,Phat giao,1400 Nguyen Thai Hoc P.Cau Ong Lanh Q.1 TP.HCM,1400 Nguyen Thai Hoc P.Cau Ong Lanh Q.1 TP.HCM,TP.HCM,Quan 1,Cau Ong Lanh,Binh Dinh,Quy Nhon,Tran Phu,,,,KV1,,THPT Hung Vuong,8/9/2019,,12/5/2023,,CA Binh Dinh,,,Le Van Duong,Lao Dong,Pham Thi Ngoc,Noi Tro,908901234,,,,minh.lt@mail.com,,,LE THI MINH,VietinBank,Chi nhanh Quan 1,7890123456,1,Vi?t Nam,THPT Hung Vuong,,,,,,,https://filestorage-avatar.png,2025-07-07 15:29:56.754 +0700,2025-07-07 15:29:56.754 +0700,,,,,,,TRUE,2025-07-07 15:29:56.754 +0700,2025-07-07 15:29:56.754 +0700,2025-07-07 15:29:56.754 +0700,FALSE
cf78eb37-f0de-4a3c-9356-f5f038fcf738,HS079,SBD079,79,SV079,BC079,Pham Van,Nghia,1,13/10/2003,THPT Ngo Gia Tu,Kinh,Khong,1500 Nguyen Thai Hoc P.Cau Ong Lanh Q.1 TP.HCM,1500 Nguyen Thai Hoc P.Cau Ong Lanh Q.1 TP.HCM,TP.HCM,Quan 1,Cau Ong Lanh,Phu Yen,Tuy Hoa,Ward 3,,,,KV3,,THPT Ngo Gia Tu,21/2/2020,,1/10/2021,,CA Phu Yen,,,Pham Van Cuong,Giao Vien,Nguyen Thi Hong,Ke Toan,917890123,,,,nghia.pv@mail.com,,,PHAM VAN NGHIA,MBBank,Chi nhanh Quan 1,8901234567,1,Vi?t Nam,THPT Ngo Gia Tu,,,,,,,https://filestorage-avatar.png,2025-07-07 15:29:56.754 +0700,2025-07-07 15:29:56.754 +0700,,,,,,,TRUE,2025-07-07 15:29:56.754 +0700,2025-07-07 15:29:56.754 +0700,2025-07-07 15:29:56.754 +0700,FALSE
fa6c9a84-8010-41ff-bfb4-1fef8d87f779,HS080,SBD080,80,SV080,BC080,Nguyen Thi,Mai,0,7/4/2005,THPT Nguyen Thi Dinh,Kinh,Thien Chua giao,1600 Nguyen Thai Hoc P.Cau Ong Lanh Q.1 TP.HCM,1600 Nguyen Thai Hoc P.Cau Ong Lanh Q.1 TP.HCM,TP.HCM,Quan 1,Cau Ong Lanh,Binh Thuan,Phan Thiet,Phu Thuy,,,,KV2,,THPT Nguyen Thi Dinh,14/7/2020,,25/2/2023,,CA Binh Thuan,,,Nguyen Van Lam,Ky Su,Do Thi Minh,Buon Ban,979012345,,,,mai.nt@mail.com,,,NGUYEN THI MAI,VPBank,Chi nhanh Quan 1,9012345678,1,Vi?t Nam,THPT Nguyen Thi Dinh,,,,,,,https://filestorage-avatar.png,2025-07-07 15:29:56.754 +0700,2025-07-07 15:29:56.754 +0700,,,,,,,TRUE,2025-07-07 15:29:56.754 +0700,2025-07-07 15:29:56.754 +0700,2025-07-07 15:29:56.754 +0700,FALSE
902138d0-c4d1-4d66-b4f7-27070c26313a,HS081,SBD081,81,SV081,BC081,Tran Van,Quang,1,19/8/2004,THPT Marie Curie,Kinh,Phat giao,1700 Nguyen Thai Hoc P.Cau Ong Lanh Q.1 TP.HCM,1700 Nguyen Thai Hoc P.Cau Ong Lanh Q.1 TP.HCM,TP.HCM,Quan 1,Cau Ong Lanh,Gia Lai,Pleiku,Ward 4,,,,KV2-NT,,THPT Marie Curie,8/3/2020,,14/7/2022,,CA Gia Lai,,,Tran Van Chinh,Cong Nhan,Phan Thi Tam,Noi Tro,980123456,,,,quang.tv@mail.com,,,TRAN VAN QUANG,Techcombank,Chi nhanh Quan 1,123456789,1,Vi?t Nam,THPT Marie Curie,,,,,,,https://filestorage-avatar.png,2025-07-07 15:29:56.754 +0700,2025-07-07 15:29:56.754 +0700,,,,,,,TRUE,2025-07-07 15:29:56.754 +0700,2025-07-07 15:29:56.754 +0700,2025-07-07 15:29:56.754 +0700,FALSE
c7a2e2bb-b68d-4af9-bf63-37bc1aa9e558,HS082,SBD082,82,SV082,BC082,Le Thi,Hoa,0,3/2/2005,THPT Nguyen Hue,Kinh,Khong,1800 Nguyen Thai Hoc P.Cau Ong Lanh Q.1 TP.HCM,1800 Nguyen Thai Hoc P.Cau Ong Lanh Q.1 TP.HCM,TP.HCM,Quan 1,Cau Ong Lanh,Kon Tum,Kon Tum,Thang Loi,,,,KV1,,THPT Nguyen Hue,21/5/2020,,3/1/2021,,CA Kon Tum,,,Le Van Thang,Giao Vien,Bui Thi Thuy,Ke Toan,961234567,,,,hoa.lt@mail.com,,,LE THI HOA,Sacombank,Chi nhanh Quan 1,1234567890,1,Vi?t Nam,THPT Nguyen Hue,,,,,,,https://filestorage-avatar.png,2025-07-07 15:29:56.754 +0700,2025-07-07 15:29:56.754 +0700,,,,,,,TRUE,2025-07-07 15:29:56.754 +0700,2025-07-07 15:29:56.754 +0700,2025-07-07 15:29:56.754 +0700,FALSE
67be0c27-4a6e-45e3-a6cb-d84772b8d219,HS083,SBD083,83,SV083,BC083,Hoang Van,Minh,1,16/10/2003,THPT Ngo Quyen,Kinh,Thien Chua giao,1900 Nguyen Thai Hoc P.Cau Ong Lanh Q.1 TP.HCM,1900 Nguyen Thai Hoc P.Cau Ong Lanh Q.1 TP.HCM,TP.HCM,Quan 1,Cau Ong Lanh,Dak Nong,Gia Nghia,Nghia Tan,,,,KV3,,THPT Ngo Quyen,14/9/2019,,17/8/2022,,CA Dak Nong,,,Hoang Van Long,Cong An,Nguyen Thi Yen,Ban Hang,903456789,,,,minh.hv@mail.com,,,HOANG VAN MINH,ACB,Chi nhanh Quan 1,2345678901,1,Vi?t Nam,THPT Ngo Quyen,,,,,,,https://filestorage-avatar.png,2025-07-07 15:29:56.754 +0700,2025-07-07 15:29:56.754 +0700,,,,,,,TRUE,2025-07-07 15:29:56.754 +0700,2025-07-07 15:29:56.754 +0700,2025-07-07 15:29:56.754 +0700,FALSE
2b0d3256-6f1f-4ae6-bdea-1d4c94e3c3c5,HS084,SBD084,84,SV084,BC084,Pham Thi,Yen,0,29/12/2005,THPT Nguyen Thi Dinh,Kinh,Phat giao,2000 Nguyen Thai Hoc P.Cau Ong Lanh Q.1 TP.HCM,2000 Nguyen Thai Hoc P.Cau Ong Lanh Q.1 TP.HCM,TP.HCM,Quan 1,Cau Ong Lanh,Lam Dong,Bao Loc,Loc Son,,,,KV2,,THPT Nguyen Thi Dinh,7/2/2020,,6/4/2021,,CA Lam Dong,,,Pham Van Dat,Bo Doi,Tran Thi Thao,Noi Tro,914567890,,,,yen.pt@mail.com,,,PHAM THI YEN,Eximbank,Chi nhanh Quan 1,3456789012,1,Vi?t Nam,THPT Nguyen Thi Dinh,,,,,,,https://filestorage-avatar.png,2025-07-07 15:29:56.754 +0700,2025-07-07 15:29:56.754 +0700,,,,,,,TRUE,2025-07-07 15:29:56.754 +0700,2025-07-07 15:29:56.754 +0700,2025-07-07 15:29:56.754 +0700,FALSE
6aa2f3a4-2c6b-4937-bcbb-7de1cf5d401f,HS085,SBD085,85,SV085,BC085,Do Van,Thanh,1,14/5/2004,THPT Le Quy Don,Kinh,Khong,2100 Nguyen Thai Hoc P.Cau Ong Lanh Q.1 TP.HCM,2100 Nguyen Thai Hoc P.Cau Ong Lanh Q.1 TP.HCM,TP.HCM,Quan 1,Cau Ong Lanh,Ninh Thuan,Phan Rang,My Hai,,,,KV2-NT,,THPT Le Quy Don,20/6/2020,,28/11/2022,,CA Ninh Thuan,,,Do Van Thang,Lao Dong,Ho Thi Lien,Ke Toan,975678901,,,,thanh.dv@mail.com,,,DO VAN THANH,VietinBank,Chi nhanh Quan 1,4567890123,1,Vi?t Nam,THPT Le Quy Don,,,,,,,https://filestorage-avatar.png,2025-07-07 15:29:56.754 +0700,2025-07-07 15:29:56.754 +0700,,,,,,,TRUE,2025-07-07 15:29:56.754 +0700,2025-07-07 15:29:56.754 +0700,2025-07-07 15:29:56.754 +0700,FALSE
d7c08b5b-3dcf-4299-bc9f-b28081891c8a,HS086,SBD086,86,SV086,BC086,Nguyen Thi,Diep,0,8/1/2004,THPT Phan Chu Trinh,Kinh,Thien Chua giao,2200 Nguyen Thai Hoc P.Cau Ong Lanh Q.1 TP.HCM,2200 Nguyen Thai Hoc P.Cau Ong Lanh Q.1 TP.HCM,TP.HCM,Quan 1,Cau Ong Lanh,Binh Thuan,La Gi,Tan Hai,,,,KV1,,THPT Phan Chu Trinh,12/9/2019,,17/9/2021,,CA Binh Thuan,,,Nguyen Van Tan,Giao Vien,Tran Thi Ha,Ban Hang,986789012,,,,diep.nt@mail.com,,,NGUYEN THI DIEP,MBBank,Chi nhanh Quan 1,5678901234,1,Vi?t Nam,THPT Phan Chu Trinh,,,,,,,https://filestorage-avatar.png,2025-07-07 15:29:56.754 +0700,2025-07-07 15:29:56.754 +0700,,,,,,,TRUE,2025-07-07 15:29:56.754 +0700,2025-07-07 15:29:56.754 +0700,2025-07-07 15:29:56.754 +0700,FALSE
57ed2a4d-2011-44aa-8c13-c54054a739b9,HS087,SBD087,87,SV087,BC087,Tran Van,Dung,1,26/11/2005,THPT Gia Dinh,Kinh,Phat giao,2300 Nguyen Thai Hoc P.Cau Ong Lanh Q.1 TP.HCM,2300 Nguyen Thai Hoc P.Cau Ong Lanh Q.1 TP.HCM,TP.HCM,Quan 1,Cau Ong Lanh,Vung Tau,Ba Ria,Phuoc Hung,,,,KV3,,THPT Gia Dinh,5/4/2020,,6/3/2023,,CA Vung Tau,,,Tran Van Hieu,Ky Su,Do Thi Minh,Noi Tro,967890123,,,,dung.tv@mail.com,,,TRAN VAN DUNG,VPBank,Chi nhanh Quan 1,6789012345,1,Vi?t Nam,THPT Gia Dinh,,,,,,,https://filestorage-avatar.png,2025-07-07 15:29:56.754 +0700,2025-07-07 15:29:56.754 +0700,,,,,,,TRUE,2025-07-07 15:29:56.754 +0700,2025-07-07 15:29:56.754 +0700,2025-07-07 15:29:56.754 +0700,FALSE
17e4181b-f07b-42e4-8fd8-6fbc76d3f97d,HS088,SBD088,88,SV088,BC088,Le Thi,Anh,0,10/3/2004,THPT Nguyen Thi Minh Khai,Kinh,Khong,2400 Nguyen Thai Hoc P.Cau Ong Lanh Q.1 TP.HCM,2400 Nguyen Thai Hoc P.Cau Ong Lanh Q.1 TP.HCM,TP.HCM,Quan 1,Cau Ong Lanh,Tien Giang,Go Cong,Long Chanh,,,,KV2,,THPT Nguyen Thi Minh Khai,18/7/2020,,21/10/2021,,CA Tien Giang,,,Le Van Long,Cong Nhan,Phan Thi Sam,Ke Toan,908901234,,,,anh.lt@mail.com,,,LE THI ANH,Techcombank,Chi nhanh Quan 1,7890123456,1,Vi?t Nam,THPT Nguyen Thi Minh Khai,,,,,,,https://filestorage-avatar.png,2025-07-07 15:29:56.754 +0700,2025-07-07 15:29:56.754 +0700,,,,,,,TRUE,2025-07-07 15:29:56.754 +0700,2025-07-07 15:29:56.754 +0700,2025-07-07 15:29:56.754 +0700,FALSE
7fd1e406-e143-4ed5-9325-4fda5a46e230,HS089,SBD089,89,SV089,BC089,Ho Van,Tuan,1,23/5/2005,THPT Le Quy Don,Kinh,Thien Chua giao,2500 Nguyen Thai Hoc P.Cau Ong Lanh Q.1 TP.HCM,2500 Nguyen Thai Hoc P.Cau Ong Lanh Q.1 TP.HCM,TP.HCM,Quan 1,Cau Ong Lanh,Ben Tre,Ben Tre,Phuong 6,,,,KV2-NT,,THPT Le Quy Don,11/2/2020,,10/4/2023,,CA Ben Tre,,,Ho Van Hiep,Quan Ly,Vo Thi Kim,Ban Hang,917890123,,,,tuan.hv@mail.com,,,HO VAN TUAN,Sacombank,Chi nhanh Quan 1,8901234567,1,Vi?t Nam,THPT Le Quy Don,,,,,,,https://filestorage-avatar.png,2025-07-07 15:29:56.754 +0700,2025-07-07 15:29:56.754 +0700,,,,,,,TRUE,2025-07-07 15:29:56.754 +0700,2025-07-07 15:29:56.754 +0700,2025-07-07 15:29:56.754 +0700,FALSE
a79d279f-4e8a-4b80-b69b-f80dc73313e2,HS090,SBD090,90,SV090,BC090,Pham Thi,Diep,0,7/12/2003,THPT Nguyen Du,Kinh,Phat giao,2600 Nguyen Thai Hoc P.Cau Ong Lanh Q.1 TP.HCM,2600 Nguyen Thai Hoc P.Cau Ong Lanh Q.1 TP.HCM,TP.HCM,Quan 1,Cau Ong Lanh,Tra Vinh,Tra Vinh,Ward 8,,,,KV1,,THPT Nguyen Du,24/9/2019,,2/9/2021,,CA Tra Vinh,,,Pham Van Thang,Lao Dong,Nguyen Thi Loan,Noi Tro,979012345,,,,diep.pt@mail.com,,,PHAM THI DIEP,ACB,Chi nhanh Quan 1,9012345678,1,Vi?t Nam,THPT Nguyen Du,,,,,,,https://filestorage-avatar.png,2025-07-07 15:29:56.754 +0700,2025-07-07 15:29:56.754 +0700,,,,,,,TRUE,2025-07-07 15:29:56.754 +0700,2025-07-07 15:29:56.754 +0700,2025-07-07 15:29:56.754 +0700,FALSE
229fe17e-3459-4eb5-bd89-1bd12f4e4c5d,HS091,SBD091,91,SV091,BC091,Nguyen Van,Nam,1,16/6/2004,THPT Tran Quy Cap,Kinh,Khong,2700 Nguyen Thai Hoc P.Cau Ong Lanh Q.1 TP.HCM,2700 Nguyen Thai Hoc P.Cau Ong Lanh Q.1 TP.HCM,TP.HCM,Quan 1,Cau Ong Lanh,Soc Trang,Soc Trang,Ward 1,,,,KV3,,THPT Tran Quy Cap,17/1/2020,,15/5/2023,,CA Soc Trang,,,Nguyen Van Trung,Giao Vien,Tran Thi Anh,Ke Toan,980123456,,,,nam.nv@mail.com,,,NGUYEN VAN NAM,Eximbank,Chi nhanh Quan 1,123456789,1,Vi?t Nam,THPT Tran Quy Cap,,,,,,,https://filestorage-avatar.png,2025-07-07 15:29:56.754 +0700,2025-07-07 15:29:56.754 +0700,,,,,,,TRUE,2025-07-07 15:29:56.754 +0700,2025-07-07 15:29:56.754 +0700,2025-07-07 15:29:56.754 +0700,FALSE
6d987d28-632a-41c2-a059-91a9c8c4b7c1,HS092,SBD092,92,SV092,BC092,Tran Thi,Thao,0,4/3/2005,THPT Nguyen Thi Dinh,Kinh,Thien Chua giao,2800 Nguyen Thai Hoc P.Cau Ong Lanh Q.1 TP.HCM,2800 Nguyen Thai Hoc P.Cau Ong Lanh Q.1 TP.HCM,TP.HCM,Quan 1,Cau Ong Lanh,Ca Mau,Ca Mau,Ward 7,,,,KV2,,THPT Nguyen Thi Dinh,10/6/2020,,4/11/2021,,CA Ca Mau,,,Tran Van Chien,Ky Su,Do Thi Yen,Ban Hang,961234567,,,,thao.tt@mail.com,,,TRAN THI THAO,VietinBank,Chi nhanh Quan 1,1234567890,1,Vi?t Nam,THPT Nguyen Thi Dinh,,,,,,,https://filestorage-avatar.png,2025-07-07 15:29:56.754 +0700,2025-07-07 15:29:56.754 +0700,,,,,,,TRUE,2025-07-07 15:29:56.754 +0700,2025-07-07 15:29:56.754 +0700,2025-07-07 15:29:56.754 +0700,FALSE
73d5c84f-bc06-4f8e-8097-7bc1428d10b3,HS093,SBD093,93,SV093,BC093,Le Van,Viet,1,28/8/2003,THPT Ngo Quyen,Kinh,Phat giao,2900 Nguyen Thai Hoc P.Cau Ong Lanh Q.1 TP.HCM,2900 Nguyen Thai Hoc P.Cau Ong Lanh Q.1 TP.HCM,TP.HCM,Quan 1,Cau Ong Lanh,Kien Giang,Phu Quoc,Duong Dong,,,,KV2-NT,,THPT Ngo Quyen,3/12/2019,,29/1/2023,,CA Kien Giang,,,Le Van Cuong,Cong Nhan,Pham Thi Loan,Noi Tro,903456789,,,,viet.lv@mail.com,,,LE VAN VIET,MBBank,Chi nhanh Quan 1,2345678901,1,Vi?t Nam,THPT Ngo Quyen,,,,,,,https://filestorage-avatar.png,2025-07-07 15:29:56.754 +0700,2025-07-07 15:29:56.754 +0700,,,,,,,TRUE,2025-07-07 15:29:56.754 +0700,2025-07-07 15:29:56.754 +0700,2025-07-07 15:29:56.754 +0700,FALSE
6c934d3f-3922-498e-902c-c1ccf8c8a4fc,HS094,SBD094,94,SV094,BC094,Ho Thi,Sam,0,15/2/2004,THPT Nguyen Thuong Hien,Kinh,Khong,3000 Nguyen Thai Hoc P.Cau Ong Lanh Q.1 TP.HCM,3000 Nguyen Thai Hoc P.Cau Ong Lanh Q.1 TP.HCM,TP.HCM,Quan 1,Cau Ong Lanh,An Giang,Chau Doc,Chau Phu B,,,,KV1,,THPT Nguyen Thuong Hien,16/5/2020,,18/6/2022,,CA An Giang,,,Ho Van Phuc,Lao Dong,Nguyen Thi Hien,Ke Toan,914567890,,,,sam.ht@mail.com,,,HO THI SAM,VPBank,Chi nhanh Quan 1,3456789012,1,Vi?t Nam,THPT Nguyen Thuong Hien,,,,,,,https://filestorage-avatar.png,2025-07-07 15:29:56.754 +0700,2025-07-07 15:29:56.754 +0700,,,,,,,TRUE,2025-07-07 15:29:56.754 +0700,2025-07-07 15:29:56.754 +0700,2025-07-07 15:29:56.754 +0700,FALSE
84d76495-03cd-4b6d-b46d-b4a37087e76c,HS095,SBD095,95,SV095,BC095,Pham Van,Phuoc,1,1/7/2005,THPT Le Quy Don,Kinh,Thien Chua giao,3100 Nguyen Thai Hoc P.Cau Ong Lanh Q.1 TP.HCM,3100 Nguyen Thai Hoc P.Cau Ong Lanh Q.1 TP.HCM,TP.HCM,Quan 1,Cau Ong Lanh,Tien Giang,My Tho,Ward 1,,,,KV3,,THPT Le Quy Don,8/10/2020,,7/3/2023,,CA Tien Giang,,,Pham Van Truong,Quan Ly,Tran Thi Loan,Ban Hang,975678901,,,,phuoc.pv@mail.com,,,PHAM VAN PHUOC,Techcombank,Chi nhanh Quan 1,4567890123,1,Vi?t Nam,THPT Le Quy D,,,,,,,https://filestorage-avatar.png,2025-07-07 15:29:56.754 +0700,2025-07-07 15:29:56.754 +0700,,,,,,,TRUE,2025-07-07 15:29:56.754 +0700,2025-07-07 15:29:56.754 +0700,2025-07-07 15:29:56.754 +0700,FALSE
